"","ID","Description","setSize","enrichmentScore","NES","pvalue","p.adjust","qvalue","rank","leading_edge","core_enrichment","log2err"
"R-HSA-1428517","R-HSA-1428517","Aerobic respiration and respiratory electron transport",161,0.507377502255161,2.33718087287789,1e-10,1.417e-07,1.417e-07,3128,"tags=59%, list=29%, signal=42%","COX17/NDUFS2/DLST/LDHA/SUCLG2/LDHC/HIGD2A/GLO1/ATP5MF/UQCRC1/COX8A/COX6A1/MDH1/NDUFC1/ETFDH/SDHAF2/UBC/MPC1/ATP5PB/MAEA/ATP5F1B/ATP5MC2/SLC25A22/SDHD/FH/VDAC1/CS/HIGD1A/NDUFB3/NDUFA5/GSTZ1/PC/NDUFA9/NDUFC2/ATP5MK/COX5B/ATP5F1C/KGD4/NDUFB1/PDK1/NDUFB5/CYCS/SDHB/NDUFA8/GOT1/NDUFB4/SDHC/PDHX/ATP5MC3/SURF1/COX18/NDUFS1/COX7C/UQCRH/MDH2/PGAM5/SIRT4/COX16/UQCRB/ISCU/CYC1/COX6C/NDUFS8/RPS27A/ACAT1/UQCRQ/TMEM177/SIRT3/MKLN1/OGDH/NDUFS4/COX7A2/COX20/NDUFB9/COX15/NDUFA2/NDUFB2/SUCLG1/TMEM126A/CMC1/NDUFB6/ISCA2/COX7A2L/NDUFS3/SLC25A13/ISCA1/COX14/ME1/SUCLA2/DMAC1/NDUFS5/SDHAF4/NDUFA10/FXN/NDUFAF2",NA
"R-HSA-611105","R-HSA-611105","Respiratory electron transport",94,0.558058523184129,2.38884052082186,1.4468541003566e-08,1.02509613010265e-05,1.02509613010265e-05,3128,"tags=62%, list=29%, signal=44%","COX17/NDUFS2/HIGD2A/UQCRC1/COX8A/COX6A1/MDH1/NDUFC1/ETFDH/SLC25A22/SDHD/HIGD1A/NDUFB3/NDUFA5/NDUFA9/NDUFC2/COX5B/NDUFB1/NDUFB5/CYCS/SDHB/NDUFA8/GOT1/NDUFB4/SDHC/SURF1/COX18/NDUFS1/COX7C/UQCRH/MDH2/COX16/UQCRB/ISCU/CYC1/COX6C/NDUFS8/UQCRQ/TMEM177/NDUFS4/COX7A2/COX20/NDUFB9/COX15/NDUFA2/NDUFB2/TMEM126A/CMC1/NDUFB6/COX7A2L/NDUFS3/SLC25A13/COX14/DMAC1/NDUFS5/NDUFA10/FXN/NDUFAF2",0.747739663149885
"R-HSA-9609507","R-HSA-9609507","Protein localization",104,0.512214558515872,2.2121280457609,5.14613518093505e-08,2.43069118379499e-05,2.43069118379499e-05,3140,"tags=52%, list=29%, signal=37%","DHRS4/COX17/PEX6/IDH1/CHCHD2/SEC61G/COQ2/PHYH/DDO/SEC61B/UBC/ATP5F1B/EHHADH/VDAC1/CS/ACOT4/SCP2/ACOT2/ECI2/CRAT/ACAA1/PITRM1/CHCHD5/SERP1/TIMM10B/CAT/PEX13/EPHX2/PXMP2/AGPS/GRPEL1/CROT/COA4/AMACR/CYC1/ACOX2/PEX7/RPS27A/GSTK1/GRPEL2/TIMM10/UBE2D2/ABCD3/CHCHD3/TOMM6/GET4/TOMM5/TOMM20/SLC25A13/GDAP1/TIMM23/PEX11B/FXN/TIMM9",0.719512826338911
"R-HSA-9033241","R-HSA-9033241","Peroxisomal protein import",42,0.635530860859678,2.29296896443416,3.07524300606081e-06,0.00108940483489704,0.00108940483489704,2266,"tags=55%, list=21%, signal=43%","DHRS4/PEX6/IDH1/PHYH/DDO/UBC/EHHADH/ACOT4/SCP2/ACOT2/ECI2/CRAT/ACAA1/CAT/PEX13/EPHX2/AGPS/CROT/AMACR/ACOX2/PEX7/RPS27A/GSTK1",0.627256739718528
"R-HSA-446203","R-HSA-446203","Asparagine N-linked glycosylation",215,0.365370339858053,1.71979350280251,7.61079897473036e-06,0.00215690042943858,0.00215690042943858,2158,"tags=37%, list=20%, signal=30%","GANAB/NEU4/RNF5/YKT6/NEU1/ARF5/RNF103/RAB1B/SEC24D/NANS/ARF4/CMAS/SLC17A5/OSTC/SAR1B/RAB1A/DYNLL1/SEL1L/COG6/GFPT1/COPG1/SYVN1/BET1L/SEC13/COPG2/AREG/SPTBN2/SEC23A/OS9/UBC/ARCN1/KDELR2/STT3A/MGAT4B/ST6GALNAC4/TMED7/SLC35C1/UAP1/TUBB2A/MAN2A1/RPN1/TMED10/RAD23B/USO1/SEC24A/EDEM3/TMEM115/COG3/COPA/B4GALT1/SEC22B/SERPINA1/GMPPA/ALG14/ALG5/COG5/ALG8/ARF1/DOLK/OST4/EDEM1/COPB2/GMDS/TFG/SLC35A1/GOLGB1/MGAT1/LMAN2L/CNIH1/GBF1/PGM3/TMED9/MGAT4A/NUS1/TUBB4B/ALG9/BET1/SEC31A/DAD1/MAN1A1",0.610526878385931
"R-HSA-1989781","R-HSA-1989781","PPARA activates gene expression",77,0.480399333055847,1.98155054636453,3.48335683090328e-05,0.00619529448260091,0.00619529448260091,2129,"tags=38%, list=20%, signal=30%","HMGCS2/RXRB/FDFT1/TNFRSF21/FABP1/G0S2/MED30/CPT1A/ALAS1/ESRRA/NPAS2/CPT2/PLIN2/FHL2/MED18/CLOCK/HMGCS1/AHRR/PPARG/APOA1/NFYA/HMGCR/GRHL1/TXNRD1/CYP4A11/RXRA/MED20/MED21/ACADM",0.557332238758646
"R-HSA-400206","R-HSA-400206","Regulation of lipid metabolism by PPARalpha",77,0.480399333055847,1.98155054636453,3.48335683090328e-05,0.00619529448260091,0.00619529448260091,2129,"tags=38%, list=20%, signal=30%","HMGCS2/RXRB/FDFT1/TNFRSF21/FABP1/G0S2/MED30/CPT1A/ALAS1/ESRRA/NPAS2/CPT2/PLIN2/FHL2/MED18/CLOCK/HMGCS1/AHRR/PPARG/APOA1/NFYA/HMGCR/GRHL1/TXNRD1/CYP4A11/RXRA/MED20/MED21/ACADM",0.557332238758646
"R-HSA-8978868","R-HSA-8978868","Fatty acid metabolism",110,0.43199938925713,1.86118875303479,3.49769624988054e-05,0.00619529448260091,0.00619529448260091,2474,"tags=45%, list=23%, signal=35%","PON2/ACOT1/ACSL5/PTGES/CPT1A/HADH/ELOVL6/HADHB/PHYH/PTGS2/PON1/AKR1C3/CPT2/ELOVL1/PRXL2B/PPARD/EHHADH/ECHS1/HADHA/FAAH/PRKAB2/ACOT4/CYP2J2/SCP2/ACOT2/ACBD7/PCCB/ACAD11/ECI2/PPT2/CRAT/MMUT/ACAA1/ACSL3/ACSL6/EPHX2/PCCA/CYP4A11/RXRA/CROT/AMACR/SLC27A3/ACADM/HPGD/ACOX2/SLC25A20/ACOT13/MCEE/MAPKAPK2/MMAA",0.557332238758646
"R-HSA-556833","R-HSA-556833","Metabolism of lipids",470,0.275075993999427,1.45016400685605,5.61044066592979e-05,0.00883332713735835,0.00883332713735835,2419,"tags=33%, list=23%, signal=27%","AGPAT1/CSNK2B/HMGCS2/PIP4K2C/RXRB/NEU4/FDFT1/LGMN/TNFRSF21/PON2/GLB1L2/GBA1/ACOT1/ACSL5/FABP1/G0S2/PTGES/MED30/NEU1/DGAT2/CPT1A/SPTLC2/HADH/ALAS1/ELOVL6/AKR1C4/SEC24D/GPD1L/ESRRA/ETNK1/PNPLA2/HADHB/SGPL1/NPAS2/HEXB/SMPD4/PHYH/PTGS2/PON1/SAR1B/LPCAT3/AKR1C1/AGPAT2/AKR1C3/HSD17B11/CPT2/ELOVL1/PLIN2/PRXL2B/B3GALT4/SEC23A/SLC44A1/PIK3R4/CDS1/INSIG2/ABHD5/PPARD/UGT8/EHHADH/ECHS1/DHCR24/FDX1/FHL2/RAB5A/HADHA/PNPLA7/MED18/FAAH/PRKAB2/ACOT4/CLOCK/SEC24A/CYP2J2/PIK3CB/PLBD1/SCP2/DHCR7/HMGCS1/ACOT2/ACBD7/PCCB/AHRR/ACAD11/ECI2/PPARG/PPT2/DDHD2/VDR/CYP51A1/RUFY1/SELENOI/LIPH/PI4K2A/CRAT/APOA1/MMUT/ASAH2/SPTSSA/ACAA1/SLC44A4/SGMS2/ARF1/ABCG2/MSMO1/INSIG1/RAB14/ORMDL2/SLC51A/SGPP2/PCYT1A/NFYA/ACSL3/HMGCR/ACSL6/EPHX2/GRHL1/PI4K2B/GPAT3/AGPS/TXNRD1/DEGS1/STARD10/PCCA/CYP4A11/GBA3/SRD5A1/RXRA/SLC44A5/CROT/MED20/ARSB/MED21/AMACR/PLPP1/SLC27A3/PPP1CC/ACADM/HPGD/PIP5K1B/MBOAT2/ACHE/ACOX2/CDK8/ACAT1/CIDEC/SLC25A20/AKR1B15/PPP1CB/CPNE3/SYNJ2/ACOT13/MGLL/MIGA1/MCEE/SUMF1/MAPKAPK2/ACAT2",0.557332238758646
"R-HSA-9711123","R-HSA-9711123","Cellular response to chemical stress",111,0.42831928987696,1.84104791828544,9.30664503311633e-05,0.0131875160119258,0.0131875160119258,2393,"tags=41%, list=22%, signal=33%","HBB/CSNK2B/IDH1/EIF2AK3/FABP1/CDKN2A/SESN2/COX8A/COX6A1/AREG/PRDX3/UBC/SOD2/TALDO1/CDKN1A/PRKCD/PSMA5/PRDX6/EGF/COX5B/TXN/PSMC6/PGD/ABCG2/CAT/CYCS/NFE2L2/ERO1A/NOX4/DPP3/PSMD1/PSMD6/PRDX1/PSMA1/COX7C/TXNRD1/RXRA/PSMB7/PSMA6/GSR/PSMC2/COX6C/TKT/RPS27A/MAFK/PDGFA",0.538434096309916
"R-HSA-8957275","R-HSA-8957275","Post-translational protein phosphorylation",65,0.496209102012231,1.96938360745145,0.000114427210755235,0.0144615151250858,0.0144615151250858,1682,"tags=37%, list=16%, signal=31%","C4B/VGF/PCSK9/MEN1/TGOLN2/FN1/GOLM1/PNPLA2/MELTF/ENAM/FUCA2/APLP2/DNAJC3/SERPINA10/PRSS23/SCG2/SERPINA1/APOA1/TMEM132A/CKAP4/EVA1A/APOB/GAS6/C4A",0.538434096309916
"R-HSA-198933","R-HSA-198933","Immunoregulatory interactions between a Lymphoid and a non-Lymphoid cell",62,-0.574935003466989,-1.87743364616862,0.000128122243032231,0.0144615151250858,0.0144615151250858,1741,"tags=40%, list=16%, signal=34%","CLEC2D/CD247/CD200R1/KLRD1/PILRB/CD3D/HLA-F/CD1A/SLAMF6/COL3A1/CRTAM/FCGR2B/KLRG1/CD1C/PIANP/COL2A1/NCR3/VCAM1/TREML1/SFTPD/HLA-C/HLA-E/SELL/TREML2/HLA-B",0.518848077743792
"R-HSA-500792","R-HSA-500792","GPCR ligand binding",228,-0.433465709399489,-1.63155232694278,0.00013267445068886,0.0144615151250858,0.0144615151250858,1908,"tags=34%, list=18%, signal=28%","CX3CR1/CCR6/AGT/CXCL10/GHRL/CXCL6/CXCL12/C3AR1/HTR7/ADRA2C/CASR/SCTR/FZD4/PTH1R/CXCL11/XCR1/AVPR1A/RAMP3/ACKR1/TSHR/TAS2R14/GABBR2/TAC3/CCR1/TAS2R4/ADRA1B/OXTR/GNG3/FZD8/WNT11/XCL2/HTR2B/GNB4/TAS2R19/CCR9/P2RY14/GNRH1/GPR183/ADRA2B/P2RY13/TAS2R5/TAS2R30/RLN2/PTHLH/PTCH2/VIPR2/S1PR1/PLPPR4/RXFP1/ADCYAP1R1/DHH/P2RY12/VIP/GNB3/UCN/CHRM2/PTGFR/CXCL9/WNT6/NPFFR1/GAL/ADRA1A/S1PR3/PNOC/GPR31/CCL19/HTR6/PTGER3/CCL20/CCR4/CXCR4/KEL/CCL21/CXCR5/CNR2/CNR1/CXCL13",0.518848077743792
"R-HSA-9755511","R-HSA-9755511","KEAP1-NFE2L2 pathway",71,0.484838489004164,1.97529078203113,0.000160130845217009,0.0162075291194644,0.0162075291194644,2393,"tags=44%, list=22%, signal=34%","CSNK2B/IDH1/EIF2AK3/CDKN2A/SESN2/AREG/UBC/TALDO1/CDKN1A/PRKCD/PSMA5/EGF/TXN/PSMC6/PGD/ABCG2/NFE2L2/DPP3/PSMD1/PSMD6/PRDX1/PSMA1/TXNRD1/PSMB7/PSMA6/GSR/PSMC2/TKT/RPS27A/MAFK/PDGFA",0.518848077743792
"R-HSA-71403","R-HSA-71403","Citric acid cycle (TCA cycle)",26,0.662113068410827,2.08203216185178,0.000187934923908572,0.0177535858118965,0.0177535858118965,3106,"tags=77%, list=29%, signal=55%","DLST/SUCLG2/SDHAF2/SDHD/FH/CS/KGD4/SDHB/SDHC/MDH2/ISCU/ACAT1/SIRT3/OGDH/SUCLG1/ISCA2/ISCA1/SUCLA2/SDHAF4/FXN",0.518848077743792
"R-HSA-5669034","R-HSA-5669034","TNFs bind their physiological receptors",20,-0.742603782429295,-1.91217105543005,0.000209231730273693,0.0185300851123639,0.0185300851123639,1505,"tags=60%, list=14%, signal=52%","TNFRSF18/TNFRSF25/TNFSF13B/TNFRSF4/CD27/TNFRSF8/TNFSF4/TNFSF8/EDARADD/TNFRSF9/TNFSF18/TNFSF11",0.518848077743792
"R-HSA-1268020","R-HSA-1268020","Mitochondrial protein import",41,0.554219521548096,1.98582786189987,0.000237103937902348,0.019763310588684,0.019763310588684,3140,"tags=54%, list=29%, signal=38%","COX17/CHCHD2/COQ2/ATP5F1B/VDAC1/CS/PITRM1/CHCHD5/TIMM10B/GRPEL1/COA4/CYC1/GRPEL2/TIMM10/CHCHD3/TOMM6/TOMM5/TOMM20/SLC25A13/TIMM23/FXN/TIMM9",0.518848077743792
"R-HSA-381119","R-HSA-381119","Unfolded Protein Response (UPR)",54,0.523102375863069,1.93301395827405,0.000260061083876069,0.0204725864362439,0.0204725864362439,2211,"tags=50%, list=21%, signal=40%","ATF6B/EIF2AK3/CXCL8/HYOU1/PPP2R5B/CREB3L1/GFPT1/SYVN1/DNAJC3/DNAJB9/DNAJB11/ATF3/ZBTB17/PDIA5/CREB3L2/SERP1/EDEM1/SRPRA/DDIT3/HSPA5/NFYA/YIF1A/CREB3/CTDSP2/SEC31A/PDIA6/SHC1",0.49849310876659
"R-HSA-381426","R-HSA-381426","Regulation of Insulin-like Growth Factor (IGF) transport and uptake by Insulin-like Growth Factor Binding Proteins (IGFBPs)",74,0.465392251997328,1.88993531485733,0.000328771625095637,0.0243864577409555,0.0243864577409556,1682,"tags=36%, list=16%, signal=31%","C4B/VGF/PCSK9/MEN1/IGFBP2/TGOLN2/GZMH/FN1/MMP1/GOLM1/PNPLA2/MELTF/ENAM/FUCA2/APLP2/DNAJC3/SERPINA10/PRSS23/SCG2/SERPINA1/APOA1/TMEM132A/CKAP4/EVA1A/APOB/GAS6/C4A",0.49849310876659
"R-HSA-8948216","R-HSA-8948216","Collagen chain trimerization",34,-0.644659173785414,-1.86639433356261,0.000344198415539246,0.0243864577409555,0.0243864577409556,1409,"tags=50%, list=13%, signal=44%","COL27A1/COL16A1/COL9A1/COL5A2/COL26A1/COL4A3/COL8A2/COL3A1/COL11A1/COL14A1/COL4A4/COL21A1/COL22A1/COL6A5/COL2A1/COL24A1/COL19A1",0.49849310876659
"R-HSA-9734009","R-HSA-9734009","Defective Intrinsic Pathway for Apoptosis",16,0.724638534813014,2.08369247321626,0.000446036581292572,0.0287288107132534,0.0287288107132534,2161,"tags=69%, list=20%, signal=55%","CDKN2A/CAPN1/CAPN2/FASLG/SOD2/CAST/CDC25C/FOXO3/PRDX1/JUN/LMNB1",0.49849310876659
"R-HSA-5389840","R-HSA-5389840","Mitochondrial translation elongation",65,0.465429250025125,1.84722273676736,0.00044446422119223,0.0287288107132534,0.0287288107132534,2902,"tags=46%, list=27%, signal=34%","MRPL44/MRPS33/MRPL49/MRPS24/MRPL24/MRPL23/MRPS35/MRPL36/MRPL21/KGD4/MRPL47/TSFM/MRPS2/MRPL17/GFM1/MRPL11/MRPL43/MRPS15/MRPL48/MRPS22/MRPS9/MRPL37/MRPL16/MRPS17/CHCHD1/AURKAIP1/MRPL55/MRPL51/MRPL18/MRPS18C",0.49849310876659
"R-HSA-1655829","R-HSA-1655829","Regulation of cholesterol biosynthesis by SREBP (SREBF)",38,0.554947826780695,1.95398763670439,0.000468332736954004,0.0288533690549489,0.0288533690549489,3653,"tags=68%, list=34%, signal=45%","FDFT1/ELOVL6/SEC24D/SAR1B/SEC23A/INSIG2/SEC24A/DHCR7/HMGCS1/CYP51A1/INSIG1/NFYA/HMGCR/RXRA/IDI1/SCAP/TBL1XR1/NCOA2/TM7SF2/MTF1/NFYB/PMVK/SEC24B/FDPS/ACACB/TGS1",0.49849310876659
"R-HSA-397014","R-HSA-397014","Muscle contraction",119,-0.477144452001639,-1.69745863945351,0.000489957100829412,0.0289169253071628,0.0289169253071628,1959,"tags=34%, list=18%, signal=28%","PLN/NPR2/LMOD1/TNNI2/ATP1A2/ACTN2/SCN3B/SCN2A/KCNK2/TRPC1/FXYD6/GUCY1A1/SCN4B/TPM2/KCNIP4/GUCY1A2/ORAI2/FGF14/ATP1A4/SCN7A/MYBPC3/ANXA6/TMOD1/CACNA1C/SLC8A3/DYSF/ITPR1/FXYD2/GUCY1B1/NPR1/TTN/TNNI1/ATP2B2/TNNT2/SCN11A/CASQ1/CAMK2A/TNNT3/NOS1/KCNK12/NPPC",0.477270815362862
"R-HSA-418594","R-HSA-418594","G alpha (i) signalling events",176,-0.434135895080881,-1.60955919101156,0.0005101786398582,0.0289169253071628,0.0289169253071628,2043,"tags=34%, list=19%, signal=28%","PDE1B/GNG11/RGS17/ADCY6/CX3CR1/RGS16/CCR6/AGT/CXCL10/ADCY3/CXCL6/CXCL12/C3AR1/ADRA2C/CASR/PDE4B/PRKAR2B/CXCL11/CAMK4/TAS2R14/GNAT3/GABBR2/ADCY5/CCR1/ADCY4/TAS2R4/GNG3/NBEA/GNB4/TAS2R19/CCR9/P2RY14/GPR183/ADRA2B/P2RY13/TAS2R5/TAS2R30/ITPR1/P2RY12/RGS13/GNB3/CHRM2/CXCL9/GAL/S1PR3/PNOC/RGS1/GPR31/CCL19/PTGER3/CCL20/CAMK2A/CCR4/CXCR4/CCL21/CXCR5/CNR2/CNR1/CXCL13",0.477270815362862
"R-HSA-72766","R-HSA-72766","Translation",237,0.316401607947054,1.51861020250685,0.000654678451242861,0.0356799755927359,0.0356799755927359,2957,"tags=35%, list=28%, signal=26%","CARS1/RPS26/PPA1/SEC61G/MRPL44/PARS2/EIF4EBP1/EIF4H/SEC61B/MRPS33/UBC/MRPL49/MRPS24/SRP9/SEC61A1/MRPL24/MRPL23/RPN1/MRPS35/RPLP0/MRPL36/MRPL21/PSMA5/EEF1A1/KGD4/HARS2/PSMC6/RPL36AL/EIF2B1/MRPL47/TSFM/NARS2/SRPRA/MRPS2/PSMD1/SPCS1/PSMD6/PSMA1/SSR2/ELOC/EIF3I/PSMB7/SRP19/TRAM1/EIF4E/GARS1/MTRES1/MRPL17/EIF3M/IARS1/PSMA6/PSMC2/GFM1/AIMP2/RPS27A/SPCS2/EIF3F/MRPL11/IARS2/MRPL43/MRPS15/MRPL48/MRPS22/SRP54/MRPS9/UBE2D2/ETF1/MRPL37/MRPL16/PABPC1/MRPS17/CHCHD1/AURKAIP1/RPS13/MRPL55/MRPL51/EIF3B/KLHDC10/MRPL18/MRPS18C/ASCC3/RPS25/TARS2/RPL26L1",0.477270815362862
"R-HSA-9937383","R-HSA-9937383","Mitochondrial ribosome-associated quality control",66,0.443566714389691,1.70742150759965,0.00086957244843601,0.045636450349401,0.045636450349401,2902,"tags=44%, list=27%, signal=32%","MRPL44/MRPS33/MRPL49/MRPS24/MRPL24/MRPL23/MRPS35/MRPL36/MRPL21/KGD4/MRPL47/MRPS2/MTRES1/MRPL17/MRPL11/MRPL43/MRPS15/MRPL48/MRPS22/MRPS9/MRPL37/MRPL16/MRPS17/CHCHD1/AURKAIP1/MRPL55/MRPL51/MRPL18/MRPS18C",0.477270815362862
"R-HSA-901032","R-HSA-901032","ER Quality Control Compartment (ERQC)",15,0.730147704215537,2.03723516744782,0.00100130184032929,0.0475413471574546,0.0475413471574546,1594,"tags=53%, list=15%, signal=45%","RNF5/RNF103/SEL1L/SYVN1/OS9/UBC/EDEM3/EDEM1",0.45505986738723
"R-HSA-9864848","R-HSA-9864848","Complex IV assembly",26,0.61330457370089,1.92855255148618,0.000981369733656544,0.0475413471574546,0.0475413471574546,2926,"tags=69%, list=27%, signal=50%","COX17/HIGD2A/COX8A/COX6A1/HIGD1A/COX5B/SURF1/COX18/COX7C/COX16/COX6C/TMEM177/COX7A2/COX20/COX15/CMC1/COX7A2L/COX14",0.45505986738723
"R-HSA-373076","R-HSA-373076","Class A/1 (Rhodopsin-like receptors)",164,-0.433319204980369,-1.5860998889447,0.00100652111130814,0.0475413471574546,0.0475413471574546,1908,"tags=32%, list=18%, signal=27%","CX3CR1/CCR6/AGT/CXCL10/GHRL/CXCL6/CXCL12/C3AR1/HTR7/ADRA2C/CXCL11/XCR1/AVPR1A/ACKR1/TSHR/TAC3/CCR1/ADRA1B/OXTR/XCL2/HTR2B/CCR9/P2RY14/GNRH1/GPR183/ADRA2B/P2RY13/RLN2/S1PR1/PLPPR4/RXFP1/P2RY12/CHRM2/PTGFR/CXCL9/NPFFR1/GAL/ADRA1A/S1PR3/PNOC/GPR31/CCL19/HTR6/PTGER3/CCL20/CCR4/CXCR4/KEL/CCL21/CXCR5/CNR2/CNR1/CXCL13",0.45505986738723
"R-HSA-196854","R-HSA-196854","Metabolism of vitamins and cofactors",140,0.35233204406556,1.58229539388311,0.00106475647888688,0.0486696751800874,0.0486696751800874,1888,"tags=34%, list=18%, signal=28%","TCN1/ENPP3/AGRN/COQ3/SDC1/IDH1/LRP1/AKR1C4/RETSAT/COQ2/RFK/SLC2A1/MMADHC/AKR1C1/AKR1B10/SLC52A2/RBP4/AKR1C3/MOCS1/TPK1/NT5E/LMBRD1/LRAT/PRSS3/MTRR/SPR/PTS/ALDH1L1/PCCB/PC/MCCC2/PANK3/APOA1/MMUT/PARP4/GCH1/LRP10/APOB/NADK2/NUDT8/ENPP1/COQ4/CALM1/DHFR2/HPDL/GSTO1/PCCA",0.45505986738723
"R-HSA-199977","R-HSA-199977","ER to Golgi Anterograde Transport",106,0.384809081752459,1.68249249704438,0.00111475668140588,0.0493628192985043,0.0493628192985043,2111,"tags=38%, list=20%, signal=31%","YKT6/ARF5/RAB1B/SEC24D/ARF4/SAR1B/RAB1A/DYNLL1/COG6/COPG1/BET1L/SEC13/COPG2/AREG/SPTBN2/SEC23A/ARCN1/KDELR2/TMED7/TUBB2A/TMED10/USO1/SEC24A/TMEM115/COG3/COPA/SEC22B/SERPINA1/COG5/ARF1/COPB2/TFG/GOLGB1/LMAN2L/CNIH1/GBF1/TMED9/TUBB4B/BET1/SEC31A",0.45505986738723
"R-HSA-5368286","R-HSA-5368286","Mitochondrial translation initiation",65,0.439198266434873,1.74311568012433,0.00120528033898327,0.0517540072830089,0.0517540072830089,2902,"tags=43%, list=27%, signal=32%","MRPL44/MRPS33/MRPL49/MRPS24/MRPL24/MRPL23/MRPS35/MRPL36/MRPL21/KGD4/MRPL47/MRPS2/MRPL17/MRPL11/MRPL43/MRPS15/MRPL48/MRPS22/MRPS9/MRPL37/MRPL16/MRPS17/CHCHD1/AURKAIP1/MRPL55/MRPL51/MRPL18/MRPS18C",0.45505986738723
"R-HSA-6799198","R-HSA-6799198","Complex I biogenesis",41,0.515436405545389,1.84686380643979,0.00125141165031225,0.0521544208380135,0.0521544208380135,3128,"tags=56%, list=29%, signal=40%","NDUFS2/NDUFC1/NDUFB3/NDUFA5/NDUFA9/NDUFC2/NDUFB1/NDUFB5/NDUFA8/NDUFB4/NDUFS1/NDUFS8/NDUFS4/NDUFB9/NDUFA2/NDUFB2/TMEM126A/NDUFB6/NDUFS3/DMAC1/NDUFS5/NDUFA10/NDUFAF2",0.45505986738723
"R-HSA-77289","R-HSA-77289","Mitochondrial Fatty Acid Beta-Oxidation",25,0.595481926557982,1.95478516992435,0.00147518066038045,0.0580647498821972,0.0580647498821972,2474,"tags=60%, list=23%, signal=46%","ACOT1/HADH/HADHB/ECHS1/HADHA/ACOT2/ACBD7/PCCB/ACAD11/MMUT/PCCA/ACADM/ACOT13/MCEE/MMAA",0.45505986738723
"R-HSA-6798695","R-HSA-6798695","Neutrophil degranulation",296,0.287484841225792,1.38307768714123,0.00143751279324535,0.0580647498821972,0.0580647498821972,2020,"tags=30%, list=19%, signal=25%","HSPA1B/HBB/CSNK2B/TCN1/RHOF/CDA/S100A12/PADI2/FRK/S100P/OSTF1/FTH1/PLAC8/S100A8/IDH1/LGALS3/CTSB/NEU1/DYNLT1/CYSTM1/GUSB/VAMP8/RAB6A/RNASE2/CAPN1/PIGR/PLAU/HEXB/KRT1/CAB39/HPSE/S100A9/ATP6V1D/DYNLL1/HSPA8/STBD1/AGPAT2/ACP3/CLEC12A/ABCA13/FUCA2/GNS/DNAJC3/TMBIM1/FCGR2A/S100A11/PRSS3/PRKCD/PGAM1/ANO6/PSMA5/IQGAP2/EEF1A1/PRDX6/NDUFC2/TMEM179B/RAC1/B4GALT1/GGH/SERPINA1/NRAS/HGSNAT/ACAA1/HK3/CKAP4/SLC11A1/RAB18/FCER1G/PPIA/RAB44/RHOA/CAT/PGM1/CAP1/RAB14/PSMD1/AOC1/CD58/PSMD6/SCAMP1/RHOG/LAMTOR1/DEGS1/CD63/RAB7A/NCSTN/LAMP1/PSMB7/ARSB/TUBB4B",0.45505986738723
"R-HSA-9759194","R-HSA-9759194","Nuclear events mediated by NFE2L2",55,0.469955284393853,1.78828911153048,0.00154009148094101,0.0589813413106328,0.0589813413106328,2393,"tags=45%, list=22%, signal=35%","IDH1/CDKN2A/AREG/UBC/TALDO1/PSMA5/EGF/TXN/PSMC6/PGD/ABCG2/NFE2L2/PSMD1/PSMD6/PRDX1/PSMA1/TXNRD1/PSMB7/PSMA6/GSR/PSMC2/TKT/RPS27A/MAFK/PDGFA",0.45505986738723
"R-HSA-8862803","R-HSA-8862803","Deregulated CDK5 triggers multiple neurodegenerative pathways in Alzheimer's disease models",15,0.712586235477792,1.98823570953264,0.00168043203961826,0.0610556974394635,0.0610556974394635,2161,"tags=67%, list=20%, signal=53%","CAPN1/CAPN2/FASLG/SOD2/CAST/CDC25C/FOXO3/PRDX1/JUN/LMNB1",0.45505986738723
"R-HSA-8863678","R-HSA-8863678","Neurodegenerative Diseases",15,0.712586235477792,1.98823570953264,0.00168043203961826,0.0610556974394635,0.0610556974394635,2161,"tags=67%, list=20%, signal=53%","CAPN1/CAPN2/FASLG/SOD2/CAST/CDC25C/FOXO3/PRDX1/JUN/LMNB1",0.45505986738723
"R-HSA-380108","R-HSA-380108","Chemokine receptors bind chemokines",36,-0.603820110275853,-1.77988350343809,0.00186170489357377,0.0643423374193668,0.0643423374193668,1908,"tags=50%, list=18%, signal=41%","CX3CR1/CCR6/CXCL10/CXCL6/CXCL12/CXCL11/XCR1/CCR1/XCL2/CCR9/CXCL9/CCL19/CCL20/CCR4/CXCR4/CCL21/CXCR5/CXCL13",0.45505986738723
"R-HSA-1650814","R-HSA-1650814","Collagen biosynthesis and modifying enzymes",54,-0.548466711512365,-1.73422776322357,0.00185552302968085,0.0643423374193668,0.0643423374193668,1734,"tags=46%, list=16%, signal=39%","PCOLCE/P3H1/P3H2/TLL1/COL27A1/COL16A1/COL9A1/COL5A2/COL26A1/ADAMTS2/COL4A3/COL8A2/COL3A1/COL11A1/COL14A1/COL4A4/COL21A1/COL22A1/COL6A5/COLGALT2/COL2A1/COL24A1/ADAMTS3/PCOLCE2/COL19A1",0.45505986738723
"R-HSA-390522","R-HSA-390522","Striated Muscle Contraction",16,-0.719182813303643,-1.8017590324543,0.00200297159946967,0.0675764465821076,0.0675764465821076,1756,"tags=56%, list=16%, signal=47%","TNNI2/ACTN2/TPM2/MYBPC3/TMOD1/TTN/TNNI1/TNNT2/TNNT3",0.431707695803346
"R-HSA-4641262","R-HSA-4641262","Disassembly of the destruction complex and recruitment of AXIN to the membrane",21,0.622226125358058,1.93253632473962,0.00210881821941722,0.0694929166724233,0.0694929166724233,2584,"tags=62%, list=24%, signal=47%","WNT1/PPP2R5B/FZD5/PPP2CB/PPP2R5A/APC/LRP5/CSNK1A1/FRAT2/PPP2R5E/PPP2CA/DVL1/DVL3",0.431707695803346
"R-HSA-948021","R-HSA-948021","Transport to the Golgi and subsequent modification",127,0.350821309410387,1.56059182445976,0.00217831339133683,0.070151592625552,0.070151592625552,2158,"tags=36%, list=20%, signal=29%","YKT6/ARF5/RAB1B/SEC24D/ARF4/SAR1B/RAB1A/DYNLL1/COG6/COPG1/BET1L/SEC13/COPG2/AREG/SPTBN2/SEC23A/ARCN1/KDELR2/MGAT4B/TMED7/TUBB2A/MAN2A1/TMED10/USO1/SEC24A/TMEM115/COG3/COPA/B4GALT1/SEC22B/SERPINA1/COG5/ARF1/COPB2/TFG/GOLGB1/MGAT1/LMAN2L/CNIH1/GBF1/TMED9/MGAT4A/TUBB4B/BET1/SEC31A/MAN1A1",0.431707695803346
"R-HSA-5205647","R-HSA-5205647","Mitophagy",27,0.590349125783255,1.95327276001745,0.00257823039159602,0.0792472660966352,0.0792472660966352,2812,"tags=63%, list=26%, signal=47%","CSNK2B/VDAC2/UBC/VDAC1/TBK1/ATG9A/MFN2/VDAC3/ATG5/PGAM5/RPS27A/PINK1/UBE2D2/TOMM6/TOMM5/TOMM20/ATG12",0.431707695803346
"R-HSA-8878159","R-HSA-8878159","Transcriptional regulation by RUNX3",56,0.435990321947842,1.66385435375057,0.00262852611611987,0.0792472660966352,0.0792472660966352,2261,"tags=41%, list=21%, signal=33%","MAML1/BRD2/CDKN2A/HES1/TEAD3/RORC/TEAD4/UBC/CDKN1A/PSMA5/PSMC6/TCF7L2/PSMD1/FOXO3/PSMD6/PSMA1/KRAS/PSMB7/SMURF1/KAT2B/PSMA6/PSMC2/RPS27A",0.431707695803346
"R-HSA-9612973","R-HSA-9612973","Autophagy",106,0.368932854100285,1.61307720729991,0.00254853516789651,0.0792472660966352,0.0792472660966352,2900,"tags=41%, list=27%, signal=30%","HBB/CSNK2B/PRKAG1/DYNLL1/VDAC2/HSPA8/CHMP2B/RNASE1/PLIN2/PIK3R4/UBC/TUBB2A/VDAC1/PRKAB2/EEF1A1/TBK1/ATG9A/MFN2/AMBRA1/ATG101/VDAC3/VPS37A/SLC38A9/LAMTOR5/ATG5/LAMTOR1/EPAS1/PGAM5/TUBB4B/CFTR/RB1CC1/RPS27A/PINK1/UBE2D2/TSG101/TOMM6/TOMM5/TOMM20/TUBA1C/ATG12/VPS37D/ATG16L1/ATG3",0.431707695803346
"R-HSA-113418","R-HSA-113418","Formation of the Early Elongation Complex",22,0.608705515302089,1.86663219492225,0.00280550836925463,0.0811307216170165,0.0811307216170165,5,"tags=5%, list=0%, signal=5%","GTF2H2",0.431707695803346
"R-HSA-167158","R-HSA-167158","Formation of the HIV-1 Early Elongation Complex",22,0.608705515302089,1.86663219492225,0.00280550836925463,0.0811307216170165,0.0811307216170165,5,"tags=5%, list=0%, signal=5%","GTF2H2",0.431707695803346
"R-HSA-9837999","R-HSA-9837999","Mitochondrial protein degradation",60,0.443719392477447,1.69944064391165,0.00286321594791629,0.0811435399639476,0.0811435399639476,2875,"tags=55%, list=27%, signal=40%","HMGCS2/SUCLG2/CHCHD2/HADH/ALAS1/ARG2/ATP5F1B/FH/CS/ACOT2/PCCB/COX5B/ATP5F1C/PDK1/TRIAP1/MRPS2/NADK2/NDUFS1/ALDH2/GLUD1/PRELID1/MDH2/ACAT1/UQCRQ/OPA1/IARS2/ACAD8/ACADSB/TIMM10/OGDH/NDUFA2/NDUFB6/NDUFS3",0.431707695803346
"R-HSA-432722","R-HSA-432722","Golgi Associated Vesicle Biogenesis",36,0.531924033275501,1.86677556852926,0.00297863738423024,0.0827593955579266,0.0827593955579266,2956,"tags=58%, list=28%, signal=42%","TGOLN2/FTH1/VAMP8/AP1S1/TPD52/HSPA8/NECAP1/SORT1/AP3S1/ARF1/GOLGB1/CLINT1/BLOC1S1/SH3GL2/CLTA/PUM1/AP4B1/SNX9/IGF2R/ACBD3/TFRC",0.431707695803346
"R-HSA-167160","R-HSA-167160","RNA Pol II CTD phosphorylation and interaction with CE during HIV infection",18,0.630003959974421,1.81442305019852,0.00317344955399137,0.0848448682642599,0.0848448682642599,5,"tags=6%, list=0%, signal=6%","GTF2H2",0.431707695803346
"R-HSA-77075","R-HSA-77075","RNA Pol II CTD phosphorylation and interaction with CE",18,0.630003959974421,1.81442305019852,0.00317344955399137,0.0848448682642599,0.0848448682642599,5,"tags=6%, list=0%, signal=6%","GTF2H2",0.431707695803346
"R-HSA-112310","R-HSA-112310","Neurotransmitter release cycle",33,-0.585734342476817,-1.72085630814302,0.00331633886424012,0.0854409485568774,0.0854409485568774,2585,"tags=55%, list=24%, signal=42%","GLS2/SYN2/PPFIA2/ALDH5A1/RIMS1/PPFIA4/SLC18A3/SLC6A12/SLC6A11/APBA1/SLC18A2/SLC6A13/SLC22A1/SYT1/SLC5A7/SLC6A1/SLC1A3/SLC1A2",0.431707695803346
"R-HSA-392154","R-HSA-392154","Nitric oxide stimulates guanylate cyclase",20,-0.668011378830312,-1.72009899965579,0.00328761635892607,0.0854409485568774,0.0854409485568774,2155,"tags=65%, list=20%, signal=52%","PDE1A/PDE1B/PRKG2/KCNMB4/IRAG1/PDE2A/GUCY1A1/GUCY1A2/NOS3/ITPR1/GUCY1B1/PDE10A/NOS1",0.431707695803346
"R-HSA-167152","R-HSA-167152","Formation of HIV elongation complex in the absence of HIV Tat",31,0.524353998689059,1.73815020594682,0.00393554248765268,0.0990303757749441,0.0990303757749441,5,"tags=3%, list=0%, signal=3%","GTF2H2",0.407017918923954
"R-HSA-9918487","R-HSA-9918487","Dengue Virus Genome Translation and Replication",59,0.421475462013025,1.61448526542405,0.00398357898318406,0.0990303757749441,0.0990303757749441,2265,"tags=42%, list=21%, signal=34%","HSPA1B/HYOU1/OSTC/HSPA8/P4HA2/UBC/DNAJC3/STT3A/RPN1/DNAJB11/KPNA7/RTN3/ACOT2/APOA1/OST4/BTF3/HSPA5/SPCS1/HDLBP/SUMO1/EIF4G2/DAD1/EIF4E/RPS27A/SPCS2",0.407017918923954
"R-HSA-9614085","R-HSA-9614085","FOXO-mediated transcription",42,0.47483969539553,1.71320190989706,0.00418539389425402,0.101790100715946,0.101790100715946,2630,"tags=50%, list=25%, signal=38%","SFN/PCBP4/CITED2/FASLG/KLF4/SOD2/TRIM63/CDKN1A/HDAC1/TXN/YWHAQ/CAT/DDIT3/NFYA/FOXO3/YWHAZ/HDAC2/KAT2B/PINK1/SIRT3/YWHAG",0.407017918923954
"R-HSA-5368287","R-HSA-5368287","Mitochondrial translation",74,0.40958992645409,1.66332478311187,0.00431682201596119,0.101790100715946,0.101790100715946,2902,"tags=42%, list=27%, signal=31%","MRPL44/MRPS33/MRPL49/MRPS24/MRPL24/MRPL23/MRPS35/MRPL36/MRPL21/KGD4/MRPL47/TSFM/MRPS2/MTRES1/MRPL17/GFM1/MRPL11/MRPL43/MRPS15/MRPL48/MRPS22/MRPS9/MRPL37/MRPL16/MRPS17/CHCHD1/AURKAIP1/MRPL55/MRPL51/MRPL18/MRPS18C",0.407017918923954
"R-HSA-5576891","R-HSA-5576891","Cardiac conduction",78,-0.478883778271537,-1.6183409734374,0.00425844527810101,0.101790100715946,0.101790100715946,1666,"tags=31%, list=16%, signal=26%","ATP1A2/SCN3B/SCN2A/KCNK2/TRPC1/FXYD6/SCN4B/KCNIP4/ORAI2/FGF14/ATP1A4/SCN7A/CACNA1C/SLC8A3/ITPR1/FXYD2/NPR1/ATP2B2/SCN11A/CASQ1/CAMK2A/NOS1/KCNK12/NPPC",0.407017918923954
"R-HSA-1592230","R-HSA-1592230","Mitochondrial biogenesis",57,0.432231418897397,1.61618655372067,0.00438193094119455,0.101790100715946,0.101790100715946,2780,"tags=44%, list=26%, signal=33%","PRKAG1/ALAS1/ESRRA/TFB2M/ATP5MF/ATP5PB/SOD2/ATP5F1B/ATP5MC2/PRKAB2/ATP5MK/ATP5F1C/MICOS10/CYCS/ATP5MC3/CALM1/GLUD1/RXRA/SIRT4/SIRT3/CALM2/CHCHD3/TBL1XR1/IMMT/NCOA2",0.407017918923954
"R-HSA-9613829","R-HSA-9613829","Chaperone Mediated Autophagy",13,0.697111555455609,1.91899387659062,0.00512934252631959,0.103333926553928,0.103333926553928,1189,"tags=46%, list=11%, signal=41%","HBB/HSPA8/RNASE1/PLIN2/UBC/EEF1A1",0.407017918923954
"R-HSA-9013507","R-HSA-9013507","NOTCH3 Activation and Transmission of Signal to the Nucleus",14,0.689988823371067,1.89806729010898,0.0053964083027457,0.103333926553928,0.103333926553928,2661,"tags=64%, list=25%, signal=48%","NEURL1B/APH1A/UBC/EGF/EGFR/MIB2/NCSTN/RPS27A/TACC3",0.407017918923954
"R-HSA-199992","R-HSA-199992","trans-Golgi Network Vesicle Budding",44,0.486656469962982,1.79784547835673,0.00472198779622206,0.103333926553928,0.103333926553928,2956,"tags=57%, list=28%, signal=41%","TGOLN2/FTH1/VAMP8/AP1S1/TPD52/HSPA8/GNS/NECAP1/CLTB/SORT1/AP3S1/ARF1/GOLGB1/CLINT1/GBF1/BLOC1S1/AP4M1/SH3GL2/CLTA/PUM1/AP4B1/SNX9/IGF2R/ACBD3/TFRC",0.407017918923954
"R-HSA-532668","R-HSA-532668","N-glycan trimming in the ER and Calnexin/Calreticulin cycle",25,0.53930251997097,1.77036534800596,0.00529752971932141,0.103333926553928,0.103333926553928,1118,"tags=36%, list=10%, signal=32%","GANAB/RNF5/RNF103/SEL1L/SYVN1/OS9/UBC/RAD23B/EDEM3",0.407017918923954
"R-HSA-167169","R-HSA-167169","HIV Transcription Elongation",29,0.534637376128242,1.75563016453965,0.00513178398645724,0.103333926553928,0.103333926553928,5,"tags=3%, list=0%, signal=3%","GTF2H2",0.407017918923954
"R-HSA-167200","R-HSA-167200","Formation of HIV-1 elongation complex containing HIV-1 Tat",29,0.534637376128242,1.75563016453965,0.00513178398645724,0.103333926553928,0.103333926553928,5,"tags=3%, list=0%, signal=3%","GTF2H2",0.407017918923954
"R-HSA-167246","R-HSA-167246","Tat-mediated elongation of the HIV-1 transcript",29,0.534637376128242,1.75563016453965,0.00513178398645724,0.103333926553928,0.103333926553928,5,"tags=3%, list=0%, signal=3%","GTF2H2",0.407017918923954
"R-HSA-167161","R-HSA-167161","HIV Transcription Initiation",33,0.506902467550288,1.73300207584975,0.00534413366865547,0.103333926553928,0.103333926553928,5,"tags=3%, list=0%, signal=3%","GTF2H2",0.407017918923954
"R-HSA-167162","R-HSA-167162","RNA Polymerase II HIV Promoter Escape",33,0.506902467550288,1.73300207584975,0.00534413366865547,0.103333926553928,0.103333926553928,5,"tags=3%, list=0%, signal=3%","GTF2H2",0.407017918923954
"R-HSA-73776","R-HSA-73776","RNA Polymerase II Promoter Escape",33,0.506902467550288,1.73300207584975,0.00534413366865547,0.103333926553928,0.103333926553928,5,"tags=3%, list=0%, signal=3%","GTF2H2",0.407017918923954
"R-HSA-73779","R-HSA-73779","RNA Polymerase II Transcription Pre-Initiation And Promoter Opening",33,0.506902467550288,1.73300207584975,0.00534413366865547,0.103333926553928,0.103333926553928,5,"tags=3%, list=0%, signal=3%","GTF2H2",0.407017918923954
"R-HSA-75953","R-HSA-75953","RNA Polymerase II Transcription Initiation",33,0.506902467550288,1.73300207584975,0.00534413366865547,0.103333926553928,0.103333926553928,5,"tags=3%, list=0%, signal=3%","GTF2H2",0.407017918923954
"R-HSA-76042","R-HSA-76042","RNA Polymerase II Transcription Initiation And Promoter Clearance",33,0.506902467550288,1.73300207584975,0.00534413366865547,0.103333926553928,0.103333926553928,5,"tags=3%, list=0%, signal=3%","GTF2H2",0.407017918923954
"R-HSA-9840310","R-HSA-9840310","Glycosphingolipid catabolism",25,0.535399927267285,1.75755432889491,0.00572997470624654,0.105576660413835,0.105576660413835,493,"tags=24%, list=5%, signal=23%","NEU4/GLB1L2/GBA1/NEU1/HEXB/SMPD4",0.407017918923954
"R-HSA-5419276","R-HSA-5419276","Mitochondrial translation termination",67,0.413388559655312,1.64653230761268,0.00573705211846526,0.105576660413835,0.105576660413835,2902,"tags=42%, list=27%, signal=31%","MRPL44/MRPS33/MRPL49/MRPS24/MRPL24/MRPL23/MRPS35/MRPL36/MRPL21/KGD4/MRPL47/MRPS2/MRPL17/MRPL11/MRPL43/MRPS15/MRPL48/MRPS22/MRPS9/MRPL37/MRPL16/MRPS17/CHCHD1/AURKAIP1/MRPL55/MRPL51/MRPL18/MRPS18C",0.407017918923954
"R-HSA-6807878","R-HSA-6807878","COPI-mediated anterograde transport",65,0.399299747562657,1.58476411279134,0.00569744544081676,0.105576660413835,0.105576660413835,2095,"tags=43%, list=20%, signal=35%","YKT6/ARF5/RAB1B/ARF4/RAB1A/DYNLL1/COG6/COPG1/BET1L/COPG2/SPTBN2/ARCN1/KDELR2/TMED7/TUBB2A/TMED10/USO1/TMEM115/COG3/COPA/COG5/ARF1/COPB2/GOLGB1/GBF1/TMED9/TUBB4B/BET1",0.407017918923954
"R-HSA-9920588","R-HSA-9920588","Dengue virus activates/modulates innate and adaptive immune responses",19,0.61973483502888,1.83182308173688,0.00587760152871349,0.106776427771628,0.106776427771628,94,"tags=16%, list=1%, signal=16%","C4B/C4BPA/C4BPB",0.407017918923954
"R-HSA-72086","R-HSA-72086","mRNA Capping",20,0.604809576301989,1.80644168133611,0.00622848314279688,0.111084602938867,0.111084602938867,5,"tags=5%, list=0%, signal=5%","GTF2H2",0.407017918923954
"R-HSA-9707564","R-HSA-9707564","Cytoprotection by HMOX1",24,0.564633675988508,1.73553248075772,0.00642832564642703,0.111084602938867,0.111084602938867,2854,"tags=67%, list=27%, signal=49%","HBB/FABP1/COX8A/COX6A1/COX5B/CYCS/NFE2L2/COX7C/RXRA/COX6C/MAFK/NLRP3/COX7A2/TBL1XR1/NCOA2/COX7A2L",0.407017918923954
"R-HSA-2426168","R-HSA-2426168","Activation of gene expression by SREBF (SREBP)",28,0.514026931148524,1.70578006468727,0.00633708829317318,0.111084602938867,0.111084602938867,3653,"tags=64%, list=34%, signal=42%","FDFT1/ELOVL6/DHCR7/HMGCS1/CYP51A1/NFYA/HMGCR/RXRA/IDI1/TBL1XR1/NCOA2/TM7SF2/MTF1/NFYB/PMVK/FDPS/ACACB/TGS1",0.407017918923954
"R-HSA-112316","R-HSA-112316","Neuronal System",218,-0.383532200634029,-1.44514019806959,0.00639485382597843,0.111084602938867,0.111084602938867,2034,"tags=31%, list=19%, signal=26%","DBNL/GNG11/RIMS1/LRRTM2/ADCY6/KCNMB4/PPFIA4/GRIK4/KCNQ3/TUBA1B/ADCY3/KCNC4/FLOT1/SLC18A3/CACNA2D1/SLC6A12/ACTN2/KIF17/SLC6A11/PRKAR2B/GRIK3/KCNK2/KCNF1/CAMK4/GRIN1/CHRNA1/SYT10/GNAT3/GABBR2/ADCY5/APBA1/GRIP2/SLC18A2/ADCY4/GNG3/SLC6A13/GLRB/KCNN3/KCNJ8/NBEA/GNB4/GRIA1/KCNH3/GRIN2B/SLC22A1/SYT9/SYT1/DLG2/NRXN3/BCHE/NRXN1/SLC5A7/SLC6A1/KCNH1/SYT2/GNB3/GRIA4/KCNJ10/TUBB2B/LRRTM1/KCNA2/SLC1A3/CAMK2A/KCNQ5/KCNS2/GLRA3/HTR3A/SLC1A2",0.407017918923954
"R-HSA-5205685","R-HSA-5205685","PINK1-PRKN Mediated Mitophagy",24,0.562816197638551,1.72994603977206,0.00676139660702935,0.114058321335245,0.114058321335245,3108,"tags=67%, list=29%, signal=47%","VDAC2/UBC/VDAC1/TBK1/ATG9A/MFN2/VDAC3/ATG5/RPS27A/PINK1/UBE2D2/TOMM6/TOMM5/TOMM20/ATG12/OPTN",0.407017918923954
"R-HSA-9909615","R-HSA-9909615","Regulation of PD-L1(CD274) Post-translational modification",61,0.421733641403039,1.61305714538816,0.00669284986542002,0.114058321335245,0.114058321335245,2745,"tags=46%, list=26%, signal=34%","CSNK2B/PRKAG1/RNF5/OSTC/SEL1L/OS9/UBC/STT3A/RPN1/PRKAB2/PSMA5/PSMC6/OST4/PSMD1/PSMD6/PSMA1/MIB2/PSMB7/DAD1/PSMA6/PSMC2/ERLIN1/COPS5/RPS27A/DERL1/YWHAG/STT3B/ERLIN2",0.407017918923954
"R-HSA-909733","R-HSA-909733","Interferon alpha/beta signaling",32,-0.574661418862288,-1.67970532802626,0.00714516180797531,0.118745346419528,0.118745346419528,91,"tags=9%, list=1%, signal=9%","HLA-C/HLA-E/HLA-B",0.407017918923954
"R-HSA-1234174","R-HSA-1234174","Cellular response to hypoxia",40,0.462173441147732,1.65699959379056,0.00720684530139691,0.118745346419528,0.118745346419528,2473,"tags=45%, list=23%, signal=35%","EGLN3/CITED2/CA9/EGLN1/UBC/HIGD1A/PSMA5/PSMC6/PSMD1/PSMD6/PSMA1/EPAS1/ELOC/PSMB7/PSMA6/PSMC2/RPS27A/UBE2D2",0.407017918923954
"R-HSA-9717207","R-HSA-9717207","Sensory perception of sweet, bitter, and umami (glutamate) taste",17,-0.65939892952075,-1.63418834147705,0.00746044979616882,0.121511004151393,0.121511004151393,1465,"tags=53%, list=14%, signal=46%","SCN2A/TAS2R14/GNAT3/SCN4B/TAS2R4/TAS2R5/TAS2R30/TRPM5/GNB3",0.407017918923954
"R-HSA-70268","R-HSA-70268","Pyruvate metabolism",32,0.512702679508489,1.750541456535,0.0081526343590183,0.129800931311561,0.129800931311561,2261,"tags=44%, list=21%, signal=35%","LDHA/LDHC/GLO1/UBC/MPC1/MAEA/VDAC1/GSTZ1/PC/PDK1/PDHX/PGAM5/SIRT4/RPS27A",0.380730400722792
"R-HSA-8949613","R-HSA-8949613","Cristae formation",18,0.590613054964836,1.70097651563948,0.00809615302362972,0.129800931311561,0.129800931311561,1734,"tags=44%, list=16%, signal=37%","ATP5MF/ATP5PB/ATP5F1B/ATP5MC2/ATP5MK/ATP5F1C/MICOS10/ATP5MC3",0.380730400722792
"R-HSA-9854311","R-HSA-9854311","Maturation of TCA enzymes and regulation of TCA cycle",16,0.63149331015223,1.81585410385353,0.00839585862961179,0.132188129757332,0.132188129757332,3106,"tags=75%, list=29%, signal=53%","SDHAF2/SDHD/CS/SDHB/SDHC/ISCU/ACAT1/SIRT3/ISCA2/ISCA1/SDHAF4/FXN",0.380730400722792
"R-HSA-71240","R-HSA-71240","Tryptophan catabolism",12,-0.73454506038299,-1.7176690991748,0.00870322504304721,0.132404730727634,0.132404730727634,1854,"tags=58%, list=17%, signal=48%","ACMSD/KYNU/SLC36A4/KMO/IDO1/IDO2/TDO2",0.380730400722792
"R-HSA-1980145","R-HSA-1980145","Signaling by NOTCH2",24,0.55024429140972,1.69130337190962,0.00886196650632515,0.132404730727634,0.132404730727634,825,"tags=33%, list=8%, signal=31%","NEURL1B/MAML1/NOTCH2NLA/HES1/HES5/GZMB/APH1A/UBC",0.380730400722792
"R-HSA-112382","R-HSA-112382","Formation of RNA Pol II elongation complex",38,0.477942711276293,1.68285035785158,0.00887681680954499,0.132404730727634,0.132404730727634,5,"tags=3%, list=0%, signal=3%","GTF2H2",0.380730400722792
"R-HSA-75955","R-HSA-75955","RNA Polymerase II Transcription Elongation",38,0.477942711276293,1.68285035785158,0.00887681680954499,0.132404730727634,0.132404730727634,5,"tags=3%, list=0%, signal=3%","GTF2H2",0.380730400722792
"R-HSA-5668541","R-HSA-5668541","TNFR2 non-canonical NF-kB pathway",55,-0.48067900920516,-1.51083002502864,0.00863775574699316,0.132404730727634,0.132404730727634,1505,"tags=29%, list=14%, signal=25%","TNFRSF18/TNFRSF25/TNF/BIRC3/PSMD14/TNFSF13B/TNFRSF4/CD27/TNFRSF8/TNFSF4/TNFSF8/EDARADD/TNFRSF9/LTB/TNFSF18/TNFSF11",0.380730400722792
"R-HSA-9663891","R-HSA-9663891","Selective autophagy",57,0.41194584765652,1.54033536373156,0.00955707977380717,0.141066479577966,0.141066479577966,2812,"tags=47%, list=26%, signal=35%","CSNK2B/PRKAG1/DYNLL1/VDAC2/HSPA8/PLIN2/UBC/TUBB2A/VDAC1/PRKAB2/TBK1/ATG9A/MFN2/VDAC3/ATG5/EPAS1/PGAM5/TUBB4B/CFTR/RPS27A/PINK1/UBE2D2/TOMM6/TOMM5/TOMM20/TUBA1C/ATG12",0.380730400722792
"R-HSA-204005","R-HSA-204005","COPII-mediated vesicle transport",51,0.431985566431822,1.61822437150079,0.0100071348130237,0.146186701340769,0.146186701340769,2890,"tags=45%, list=27%, signal=33%","YKT6/RAB1B/SEC24D/SAR1B/RAB1A/SEC13/AREG/SEC23A/TMED10/USO1/SEC24A/SEC22B/SERPINA1/TFG/LMAN2L/CNIH1/BET1/SEC31A/TMED2/CD59/TGFA/ANKRD28/MCFD2",0.380730400722792
"R-HSA-111471","R-HSA-111471","Apoptotic factor-mediated response",11,0.669945750056042,1.67622908977646,0.0105235489728547,0.150624938328638,0.150624938328638,341,"tags=27%, list=3%, signal=26%","BAK1/CDKN2A/CASP7",0.380730400722792
"R-HSA-179812","R-HSA-179812","GRB2 events in EGFR signaling",11,0.669314656923046,1.67465007137415,0.0105235489728547,0.150624938328638,0.150624938328638,1837,"tags=64%, list=17%, signal=53%","EREG/HBEGF/AREG/EGF/NRAS/EGFR/KRAS",0.380730400722792
"R-HSA-901042","R-HSA-901042","Calnexin/calreticulin cycle",17,0.588364406194897,1.73042366505797,0.0108650052422577,0.153957124282792,0.153957124282792,1118,"tags=47%, list=10%, signal=42%","GANAB/RNF5/RNF103/SEL1L/SYVN1/OS9/UBC/EDEM3",0.380730400722792
"R-HSA-419037","R-HSA-419037","NCAM1 interactions",25,-0.589696334473722,-1.61531277834611,0.0110868470886278,0.155545171530551,0.155545171530551,1382,"tags=48%, list=13%, signal=42%","COL9A1/COL5A2/COL4A3/CACNA1C/CACNA1D/COL3A1/NCAM1/COL4A4/COL6A5/COL2A1/GFRA1/CNTN2",0.380730400722792
"R-HSA-210991","R-HSA-210991","Basigin interactions",12,0.699654775364652,1.80312930891766,0.0112599169029453,0.156424531877191,0.156424531877191,2154,"tags=67%, list=20%, signal=53%","MMP1/ATP1B1/ATP1B3/ITGA6/SLC16A1/ITGB1/PPIA/SLC7A8",0.380730400722792
"R-HSA-109606","R-HSA-109606","Intrinsic Pathway for Apoptosis",29,0.499969625262774,1.64178898568881,0.0116920237782448,0.160850463046339,0.160850463046339,602,"tags=24%, list=6%, signal=23%","SFN/BAK1/PPP3R1/CDKN2A/CASP7/GZMB/DYNLL1",0.380730400722792
"R-HSA-112315","R-HSA-112315","Transmission across Chemical Synapses",146,-0.403352524569391,-1.44741718515653,0.0120617954521915,0.164341963036109,0.164341963036109,2003,"tags=32%, list=19%, signal=27%","GNG11/RIMS1/ADCY6/PPFIA4/GRIK4/TUBA1B/ADCY3/SLC18A3/CACNA2D1/SLC6A12/ACTN2/KIF17/SLC6A11/PRKAR2B/GRIK3/CAMK4/GRIN1/CHRNA1/GNAT3/GABBR2/ADCY5/APBA1/GRIP2/SLC18A2/ADCY4/GNG3/SLC6A13/GLRB/NBEA/GNB4/GRIA1/GRIN2B/SLC22A1/SYT1/DLG2/BCHE/SLC5A7/SLC6A1/GNB3/GRIA4/KCNJ10/TUBB2B/SLC1A3/CAMK2A/GLRA3/HTR3A/SLC1A2",0.380730400722792
"R-HSA-9615710","R-HSA-9615710","Late endosomal microautophagy",25,0.505521312978151,1.6594719698754,0.0131395444411299,0.175082548292074,0.175082548292074,825,"tags=24%, list=8%, signal=22%","HBB/HSPA8/CHMP2B/RNASE1/PLIN2/UBC",0.380730400722792
"R-HSA-2172127","R-HSA-2172127","DAP12 interactions",25,-0.581368729550465,-1.59250156881475,0.0131587189365358,0.175082548292074,0.175082548292074,91,"tags=12%, list=1%, signal=12%","HLA-C/HLA-E/HLA-B",0.380730400722792
"R-HSA-190861","R-HSA-190861","Gap junction assembly",17,-0.635220499637779,-1.57426693963509,0.0132207711130924,0.175082548292074,0.175082548292074,684,"tags=35%, list=6%, signal=33%","GJA5/GJB6/GJB5/TUBB2B/GJB4/GJA4",0.380730400722792
"R-HSA-5678895","R-HSA-5678895","Defective CFTR causes cystic fibrosis",31,0.476787365857819,1.58047437462195,0.0137503098882023,0.18040915844058,0.18040915844058,3069,"tags=61%, list=29%, signal=44%","RNF5/SEL1L/OS9/UBC/PSMA5/PSMC6/PSMD1/PSMD6/PSMA1/PSMB7/CFTR/PSMA6/PSMC2/ERLIN1/RPS27A/DERL1/ERLIN2/PSMA3/ERLEC1",0.380730400722792
"R-HSA-163210","R-HSA-163210","Formation of ATP by chemiosmotic coupling",10,0.718089112178414,1.75037382420752,0.0138869677074359,0.180530580196667,0.180530580196667,1734,"tags=70%, list=16%, signal=59%","ATP5MF/ATP5PB/ATP5F1B/ATP5MC2/ATP5MK/ATP5F1C/ATP5MC3",0.380730400722792
"R-HSA-5362768","R-HSA-5362768","Hh mutants are degraded by ERAD",28,0.482284374988238,1.6004435225348,0.014182924066167,0.182701849106896,0.182701849106896,2261,"tags=50%, list=21%, signal=40%","SEL1L/SHH/SYVN1/OS9/UBC/PSMA5/PSMC6/PSMD1/PSMD6/PSMA1/PSMB7/PSMA6/PSMC2/RPS27A",0.380730400722792
"R-HSA-186712","R-HSA-186712","Regulation of beta-cell development",23,0.533830068509672,1.66458283726897,0.0147535458505266,0.184975171874439,0.184975171874439,758,"tags=30%, list=7%, signal=28%","MAML1/NEUROD1/HES1/NEUROG3/PDX1/RFX6/HNF1A",0.380730400722792
"R-HSA-4839743","R-HSA-4839743","Signaling by CTNNB1 phospho-site mutants",11,0.64674678485736,1.61818441927069,0.0154037193233478,0.184975171874439,0.184975171874439,2174,"tags=64%, list=20%, signal=51%","PPP2R5B/PPP2CB/PPP2R5A/APC/CSNK1A1/PPP2R5E/PPP2CA",0.380730400722792
"R-HSA-5339716","R-HSA-5339716","Signaling by GSK3beta mutants",11,0.64674678485736,1.61818441927069,0.0154037193233478,0.184975171874439,0.184975171874439,2174,"tags=64%, list=20%, signal=51%","PPP2R5B/PPP2CB/PPP2R5A/APC/CSNK1A1/PPP2R5E/PPP2CA",0.380730400722792
"R-HSA-5358747","R-HSA-5358747","CTNNB1 S33 mutants aren't phosphorylated",11,0.64674678485736,1.61818441927069,0.0154037193233478,0.184975171874439,0.184975171874439,2174,"tags=64%, list=20%, signal=51%","PPP2R5B/PPP2CB/PPP2R5A/APC/CSNK1A1/PPP2R5E/PPP2CA",0.380730400722792
"R-HSA-5358749","R-HSA-5358749","CTNNB1 S37 mutants aren't phosphorylated",11,0.64674678485736,1.61818441927069,0.0154037193233478,0.184975171874439,0.184975171874439,2174,"tags=64%, list=20%, signal=51%","PPP2R5B/PPP2CB/PPP2R5A/APC/CSNK1A1/PPP2R5E/PPP2CA",0.380730400722792
"R-HSA-5358751","R-HSA-5358751","CTNNB1 S45 mutants aren't phosphorylated",11,0.64674678485736,1.61818441927069,0.0154037193233478,0.184975171874439,0.184975171874439,2174,"tags=64%, list=20%, signal=51%","PPP2R5B/PPP2CB/PPP2R5A/APC/CSNK1A1/PPP2R5E/PPP2CA",0.380730400722792
"R-HSA-5358752","R-HSA-5358752","CTNNB1 T41 mutants aren't phosphorylated",11,0.64674678485736,1.61818441927069,0.0154037193233478,0.184975171874439,0.184975171874439,2174,"tags=64%, list=20%, signal=51%","PPP2R5B/PPP2CB/PPP2R5A/APC/CSNK1A1/PPP2R5E/PPP2CA",0.380730400722792
"R-HSA-140342","R-HSA-140342","Apoptosis induced DNA fragmentation",11,-0.709608426351194,-1.60557129623047,0.0148868823272868,0.184975171874439,0.184975171874439,1588,"tags=55%, list=15%, signal=47%","H1-1/DFFB/HMGB2/H1-4/H1-3/H1-5",0.380730400722792
"R-HSA-1643713","R-HSA-1643713","Signaling by EGFR in Cancer",18,0.558146844644251,1.60747322978608,0.015956309640917,0.190000762698986,0.190000762698986,2261,"tags=56%, list=21%, signal=44%","EREG/HBEGF/AREG/UBC/EGF/NRAS/EGFR/KRAS/SHC1/RPS27A",0.352487857583619
"R-HSA-877300","R-HSA-877300","Interferon gamma signaling",71,-0.468766474197485,-1.53998499693673,0.0162960080474776,0.192428695027298,0.192428695027298,683,"tags=17%, list=6%, signal=16%","NCAM1/HLA-DRB5/GBP7/TRIM10/VCAM1/HLA-DRA/CAMK2A/HLA-DQB2/HLA-C/HLA-E/TRIM31/HLA-B",0.352487857583619
"R-HSA-210500","R-HSA-210500","Glutamate Neurotransmitter Release Cycle",17,-0.627355446845187,-1.55477497960401,0.0171745447315028,0.201126693260656,0.201126693260656,2585,"tags=41%, list=24%, signal=31%","GLS2/PPFIA2/RIMS1/PPFIA4/SYT1/SLC1A3/SLC1A2",0.352487857583619
"R-HSA-372790","R-HSA-372790","Signaling by GPCR",389,-0.338546027018597,-1.30293057637418,0.0176821254271731,0.205373538772986,0.205373538772986,2003,"tags=27%, list=19%, signal=23%","GNG11/UTS2/RGS17/ADCY6/TRIO/CX3CR1/RGS16/CCR6/AGT/PRKCE/CXCL10/ADCY3/GHRL/CXCL6/CXCL12/PDE2A/C3AR1/HTR7/ADRA2C/CASR/SCTR/PDE4B/PRKAR2B/FZD4/PTH1R/CXCL11/CAMK4/XCR1/AVPR1A/RAMP3/DGKI/ACKR1/TSHR/TAS2R14/GNAT3/GABBR2/TAC3/ADCY5/ARHGEF10/GPR83/CCR1/AKT3/ADCY4/TAS2R4/ADRA1B/OXTR/GNG3/FZD8/WNT11/XCL2/FGD3/HTR2B/NBEA/GNB4/TAS2R19/CCR9/ARHGEF35/P2RY14/GNRH1/GPR183/ADRA2B/P2RY13/TAS2R5/TAS2R30/RLN2/PTHLH/ITPR1/PTCH2/VIPR2/S1PR1/PLPPR4/RXFP1/ADCYAP1R1/DHH/P2RY12/RGS13/VIP/GNB3/UCN/CHRM2/PTGFR/PDE10A/CXCL9/WNT6/NPFFR1/GAL/ADRA1A/S1PR3/PNOC/RGS1/GPR31/CCL19/HTR6/PTGER3/CCL20/CAMK2A/CCR4/CXCR4/KEL/CCL21/CXCR5/CNR2/CNR1/CXCL13",0.352487857583619
"R-HSA-3700989","R-HSA-3700989","Transcriptional Regulation by TP53",237,0.27259327716236,1.30834648571953,0.0190459975499946,0.219416085596279,0.219416085596279,2726,"tags=31%, list=25%, signal=23%","GTF2H2/CSNK2B/SFN/PIP4K2C/TNFRSF10C/PRKAG1/NDRG1/PCBP4/KAT5/CDKN2A/DAXX/MTA2/SESN2/MDC1/COX8A/TNFRSF10D/COX6A1/RAD17/UBC/CDKN1A/PPP2CB/PRKAB2/TAF13/COX5B/HDAC1/TXN/AIFM2/TP53AIP1/YWHAQ/PERP/CDC25C/CNOT10/STEAP3/CYCS/TRIAP1/BTG2/CNOT11/FAS/SLC38A9/YWHAZ/LAMTOR5/PRDX1/PRELID1/COX7C/LAMTOR1/TXNRD1/ELOC/POLR2J/HDAC2/JUN/GTF2H4/PPP2CA/MAPKAP1/TIGAR/GSR/RFC4/COX6C/RPS27A/BNIP3L/BRPF3/KMT5A/TNFRSF10B/RAD50/MAPKAPK5/YWHAG/TAF9/CNOT7/CASP10/CNOT8/COX7A2/TNKS1BP1/MLH1/DYRK2",0.352487857583619
"R-HSA-182971","R-HSA-182971","EGFR downregulation",21,0.540153383214068,1.67763131673633,0.0193455694531801,0.221069934799646,0.221069934799646,2728,"tags=52%, list=25%, signal=39%","EREG/HBEGF/AREG/UBC/EGF/EGFR/CDC42/RPS27A/SH3GL2/SPRY2/TGFA",0.352487857583619
"R-HSA-390471","R-HSA-390471","Association of TriC/CCT with target proteins during biosynthesis",21,0.539749282516882,1.67637624362973,0.0196124006925216,0.222326174250425,0.222326174250425,3117,"tags=62%, list=29%, signal=44%","FBXW5/GBA1/FBXO6/FKBP9/FBXL3/TCP1/FBXW4/CCT4/CCT2/CCT3/CCT6A/CCT7/KIF13A",0.352487857583619
"R-HSA-9931269","R-HSA-9931269","AMPK-induced ERAD and lysosome mediated degradation of PD-L1(CD274)",37,0.455639512281987,1.61612751195885,0.0199342250066853,0.222340705907956,0.222340705907956,2261,"tags=43%, list=21%, signal=34%","PRKAG1/RNF5/SEL1L/OS9/UBC/PRKAB2/PSMA5/PSMC6/PSMD1/PSMD6/PSMA1/PSMB7/PSMA6/PSMC2/ERLIN1/RPS27A",0.352487857583619
"R-HSA-6781823","R-HSA-6781823","Formation of TC-NER Pre-Incision Complex",35,0.457305610191147,1.59045053745871,0.020511218999122,0.222340705907956,0.222340705907956,2435,"tags=23%, list=23%, signal=18%","GTF2H2/UBC/POLR2J/GTF2H4/COPS5/RPS27A/COPS8/DDB1",0.352487857583619
"R-HSA-420499","R-HSA-420499","Class C/3 (Metabotropic glutamate/pheromone receptors)",11,-0.697217952515717,-1.57753641333142,0.0208415066217738,0.222340705907956,0.222340705907956,1633,"tags=64%, list=15%, signal=54%","CASR/TAS2R14/GABBR2/TAS2R4/TAS2R19/TAS2R5/TAS2R30",0.352487857583619
"R-HSA-9953170","R-HSA-9953170","GBP-mediated host defense",11,0.629074204695955,1.57396696889434,0.0202551962128063,0.222340705907956,0.222340705907956,328,"tags=27%, list=3%, signal=26%","SFN/GBP3/ACTB",0.352487857583619
"R-HSA-2644602","R-HSA-2644602","Signaling by NOTCH1 PEST Domain Mutants in Cancer",38,0.435919036176747,1.53488376057748,0.0210258677428837,0.222340705907956,0.222340705907956,2261,"tags=37%, list=21%, signal=29%","NEURL1B/MAML1/HES1/HES5/APH1A/UBC/HDAC1/HDAC11/MIB2/HDAC2/NCSTN/KAT2B/CDK8/RPS27A",0.352487857583619
"R-HSA-2644603","R-HSA-2644603","Signaling by NOTCH1 in Cancer",38,0.435919036176747,1.53488376057748,0.0210258677428837,0.222340705907956,0.222340705907956,2261,"tags=37%, list=21%, signal=29%","NEURL1B/MAML1/HES1/HES5/APH1A/UBC/HDAC1/HDAC11/MIB2/HDAC2/NCSTN/KAT2B/CDK8/RPS27A",0.352487857583619
"R-HSA-2644606","R-HSA-2644606","Constitutive Signaling by NOTCH1 PEST Domain Mutants",38,0.435919036176747,1.53488376057748,0.0210258677428837,0.222340705907956,0.222340705907956,2261,"tags=37%, list=21%, signal=29%","NEURL1B/MAML1/HES1/HES5/APH1A/UBC/HDAC1/HDAC11/MIB2/HDAC2/NCSTN/KAT2B/CDK8/RPS27A",0.352487857583619
"R-HSA-2894858","R-HSA-2894858","Signaling by NOTCH1 HD+PEST Domain Mutants in Cancer",38,0.435919036176747,1.53488376057748,0.0210258677428837,0.222340705907956,0.222340705907956,2261,"tags=37%, list=21%, signal=29%","NEURL1B/MAML1/HES1/HES5/APH1A/UBC/HDAC1/HDAC11/MIB2/HDAC2/NCSTN/KAT2B/CDK8/RPS27A",0.352487857583619
"R-HSA-2894862","R-HSA-2894862","Constitutive Signaling by NOTCH1 HD+PEST Domain Mutants",38,0.435919036176747,1.53488376057748,0.0210258677428837,0.222340705907956,0.222340705907956,2261,"tags=37%, list=21%, signal=29%","NEURL1B/MAML1/HES1/HES5/APH1A/UBC/HDAC1/HDAC11/MIB2/HDAC2/NCSTN/KAT2B/CDK8/RPS27A",0.352487857583619
"R-HSA-6785631","R-HSA-6785631","ERBB2 Regulates Cell Motility",11,0.626869068948202,1.56844963754776,0.0219532171044704,0.228733151742901,0.228733151742901,1672,"tags=64%, list=16%, signal=54%","EREG/HBEGF/NRG1/EGF/RHOA/ERBB3/EGFR",0.352487857583619
"R-HSA-5696395","R-HSA-5696395","Formation of Incision Complex in GG-NER",28,0.461231300678939,1.53057964521432,0.021833545471227,0.228733151742901,0.228733151742901,1030,"tags=11%, list=10%, signal=10%","GTF2H2/UBC/RAD23B",0.352487857583619
"R-HSA-162710","R-HSA-162710","Synthesis of glycosylphosphatidylinositol (GPI)",11,0.624803329640746,1.56328108125979,0.0231660900101761,0.237872098147967,0.237872098147967,264,"tags=18%, list=2%, signal=18%","PIGZ/PIGC",0.352487857583619
"R-HSA-73863","R-HSA-73863","RNA Polymerase I Transcription Termination",24,0.504397226239175,1.55038179012193,0.023158018775168,0.237872098147967,0.237872098147967,5,"tags=4%, list=0%, signal=4%","GTF2H2",0.352487857583619
"R-HSA-9820841","R-HSA-9820841","M-decay: degradation of maternal mRNAs by maternally stored factors",18,0.537629297123577,1.54838231366459,0.0240061584744371,0.241777942105104,0.241777942105104,2678,"tags=44%, list=25%, signal=33%","ZFP36L2/CNOT10/CNOT11/EIF4E/PABPC1/CNOT7/CNOT8/TNKS1BP1",0.352487857583619
"R-HSA-375280","R-HSA-375280","Amine ligand-binding receptors",21,-0.585241530226692,-1.53480707449908,0.0240583555658572,0.241777942105104,0.241777942105104,1695,"tags=38%, list=16%, signal=32%","HTR7/ADRA2C/ADRA1B/HTR2B/ADRA2B/CHRM2/ADRA1A/HTR6",0.352487857583619
"R-HSA-674695","R-HSA-674695","RNA Polymerase II Pre-transcription Events",54,0.387183523149921,1.43075464612005,0.0239916336363647,0.241777942105104,0.241777942105104,5,"tags=2%, list=0%, signal=2%","GTF2H2",0.352487857583619
"R-HSA-8963743","R-HSA-8963743","Digestion and absorption",16,-0.636259906754526,-1.59401338961014,0.0244571007017156,0.242926326759642,0.242926326759642,2299,"tags=62%, list=21%, signal=49%","CEL/MGAM/SI/SLC2A2/AMY2B/NPC1L1/PNLIPRP2/RSC1A1/CHIT1/LCT",0.352487857583619
"R-HSA-167172","R-HSA-167172","Transcription of the HIV genome",48,0.399629481421767,1.47942712906985,0.024515500865652,0.242926326759642,0.242926326759642,5,"tags=2%, list=0%, signal=2%","GTF2H2",0.352487857583619
"R-HSA-4791275","R-HSA-4791275","Signaling by WNT in cancer",22,0.51843755937802,1.58982006087403,0.0248611697670182,0.24464081638795,0.24464081638795,2364,"tags=64%, list=22%, signal=50%","PPP2R5B/FZD5/PPP2CB/PPP2R5A/CTBP1/FZD6/APC/TCF7L2/LRP5/CSNK1A1/TNKS/PPP2R5E/PPP2CA/CTBP2",0.352487857583619
"R-HSA-70326","R-HSA-70326","Glucose metabolism",54,0.38505622149368,1.42289365373172,0.0255028873396163,0.247517749042715,0.247517749042715,3867,"tags=52%, list=36%, signal=33%","HK2/GNPDA1/HKDC1/SEC13/PCK2/PPP2CB/PGAM1/TPI1/PC/PFKP/HK3/BPGM/NUP37/PPP2CA/GAPDH/SLC37A2/ENO1/PFKFB2/PFKFB3/PPP2R5D/PGM2L1/NUP35/NUP153/ENO2/NUP133/FBP1/NUP188/NUP205",0.352487857583619
"R-HSA-5619084","R-HSA-5619084","ABC transporter disorders",43,0.39543429871726,1.41180534057229,0.025364098384182,0.247517749042715,0.247517749042715,2333,"tags=49%, list=22%, signal=38%","RNF5/SEL1L/OS9/UBC/LMBRD1/PSMA5/ABCB6/APOA1/PSMC6/ABCC9/PSMD1/PSMD6/PSMA1/KCNJ11/PSMB7/CFTR/PSMA6/PSMC2/ERLIN1/RPS27A/ABCD4",0.352487857583619
"R-HSA-9768727","R-HSA-9768727","Regulation of CDH1 posttranslational processing and trafficking to plasma membrane",21,0.523233352695215,1.62508036739365,0.0260163632743992,0.250783583400161,0.250783583400161,2265,"tags=57%, list=21%, signal=45%","GANAB/CSNK2B/OSTC/STT3A/RPN1/OST4/PCSK7/CSNK2A3/SPCS1/ARHGAP32/DAD1/SPCS2",0.352487857583619
"R-HSA-196299","R-HSA-196299","Beta-catenin phosphorylation cascade",13,0.618793362548456,1.70340121937776,0.0280476950248292,0.262494555608452,0.262494555608452,2174,"tags=62%, list=20%, signal=49%","PPP2R5B/PPP2CB/PPP2R5A/APC/CSNK1A1/FRAT2/PPP2R5E/PPP2CA",0.352487857583619
"R-HSA-180336","R-HSA-180336","SHC1 events in EGFR signaling",12,0.657473809934656,1.69442178954765,0.029083729873343,0.262494555608452,0.262494555608452,3171,"tags=92%, list=30%, signal=65%","EREG/HBEGF/AREG/EGF/NRAS/EGFR/KRAS/SHC1/TGFA/SOS1/BTC",0.352487857583619
"R-HSA-4839735","R-HSA-4839735","Signaling by AXIN mutants",10,0.684798228880142,1.66922583056468,0.0287262587175758,0.262494555608452,0.262494555608452,2174,"tags=70%, list=20%, signal=56%","PPP2R5B/PPP2CB/PPP2R5A/APC/CSNK1A1/PPP2R5E/PPP2CA",0.352487857583619
"R-HSA-4839744","R-HSA-4839744","Signaling by APC mutants",10,0.684798228880142,1.66922583056468,0.0287262587175758,0.262494555608452,0.262494555608452,2174,"tags=70%, list=20%, signal=56%","PPP2R5B/PPP2CB/PPP2R5A/APC/CSNK1A1/PPP2R5E/PPP2CA",0.352487857583619
"R-HSA-4839748","R-HSA-4839748","Signaling by AMER1 mutants",10,0.684798228880142,1.66922583056468,0.0287262587175758,0.262494555608452,0.262494555608452,2174,"tags=70%, list=20%, signal=56%","PPP2R5B/PPP2CB/PPP2R5A/APC/CSNK1A1/PPP2R5E/PPP2CA",0.352487857583619
"R-HSA-5467337","R-HSA-5467337","APC truncation mutants have impaired AXIN binding",10,0.684798228880142,1.66922583056468,0.0287262587175758,0.262494555608452,0.262494555608452,2174,"tags=70%, list=20%, signal=56%","PPP2R5B/PPP2CB/PPP2R5A/APC/CSNK1A1/PPP2R5E/PPP2CA",0.352487857583619
"R-HSA-5467340","R-HSA-5467340","AXIN missense mutants destabilize the destruction complex",10,0.684798228880142,1.66922583056468,0.0287262587175758,0.262494555608452,0.262494555608452,2174,"tags=70%, list=20%, signal=56%","PPP2R5B/PPP2CB/PPP2R5A/APC/CSNK1A1/PPP2R5E/PPP2CA",0.352487857583619
"R-HSA-5467348","R-HSA-5467348","Truncations of AMER1 destabilize the destruction complex",10,0.684798228880142,1.66922583056468,0.0287262587175758,0.262494555608452,0.262494555608452,2174,"tags=70%, list=20%, signal=56%","PPP2R5B/PPP2CB/PPP2R5A/APC/CSNK1A1/PPP2R5E/PPP2CA",0.352487857583619
"R-HSA-381038","R-HSA-381038","XBP1(S) activates chaperone genes",35,0.447560694110788,1.5565589632639,0.0275001153764185,0.262494555608452,0.262494555608452,2211,"tags=49%, list=21%, signal=39%","HYOU1/PPP2R5B/GFPT1/SYVN1/DNAJC3/DNAJB9/DNAJB11/ZBTB17/PDIA5/SERP1/EDEM1/SRPRA/YIF1A/CTDSP2/SEC31A/PDIA6/SHC1",0.352487857583619
"R-HSA-1632852","R-HSA-1632852","Macroautophagy",94,0.332363809895297,1.42272558118542,0.0290417480755603,0.262494555608452,0.262494555608452,2900,"tags=39%, list=27%, signal=29%","CSNK2B/PRKAG1/DYNLL1/VDAC2/HSPA8/CHMP2B/PLIN2/PIK3R4/UBC/TUBB2A/VDAC1/PRKAB2/TBK1/ATG9A/MFN2/AMBRA1/ATG101/VDAC3/SLC38A9/LAMTOR5/ATG5/LAMTOR1/EPAS1/PGAM5/TUBB4B/CFTR/RB1CC1/RPS27A/PINK1/UBE2D2/TOMM6/TOMM5/TOMM20/TUBA1C/ATG12/ATG16L1/ATG3",0.352487857583619
"R-HSA-189451","R-HSA-189451","Heme biosynthesis",10,0.683290575525751,1.66555085914018,0.0296310043602069,0.263836332408158,0.263836332408158,2760,"tags=70%, list=26%, signal=52%","ALAS1/CPOX/ABCG2/FLVCR1/ALAD/HMBS/COX15",0.352487857583619
"R-HSA-9820965","R-HSA-9820965","Respiratory syncytial virus (RSV) genome replication, transcription and translation",10,0.680873379631953,1.65965883773402,0.0305357505398292,0.263836332408158,0.263836332408158,2293,"tags=60%, list=21%, signal=47%","CSNK2B/HSPA8/SPCS1/PPP1CC/SPCS2/PPP1CB",0.352487857583619
"R-HSA-390918","R-HSA-390918","Peroxisomal lipid metabolism",16,0.567473297728333,1.63176505584657,0.0301222502728724,0.263836332408158,0.263836332408158,2221,"tags=62%, list=21%, signal=50%","PHYH/EHHADH/ACOT4/SCP2/ECI2/CRAT/ACAA1/CROT/AMACR/ACOX2",0.352487857583619
"R-HSA-381070","R-HSA-381070","IRE1alpha activates chaperones",36,0.457944307133822,1.60714536442407,0.0299178215878722,0.263836332408158,0.263836332408158,2211,"tags=50%, list=21%, signal=40%","HYOU1/PPP2R5B/GFPT1/SYVN1/DNAJC3/DNAJB9/DNAJB11/ZBTB17/PDIA5/SERP1/EDEM1/SRPRA/HSPA5/YIF1A/CTDSP2/SEC31A/PDIA6/SHC1",0.352487857583619
"R-HSA-438066","R-HSA-438066","Unblocking of NMDA receptors, glutamate binding and activation",14,-0.639614964964704,-1.55038422771506,0.0304440649061752,0.263836332408158,0.263836332408158,1616,"tags=50%, list=15%, signal=43%","ACTN2/GRIN1/GRIA1/GRIN2B/DLG2/GRIA4/CAMK2A",0.352487857583619
"R-HSA-9012852","R-HSA-9012852","Signaling by NOTCH3",33,0.437132687990074,1.49447261397169,0.0304657353408582,0.263836332408158,0.263836332408158,2261,"tags=39%, list=21%, signal=31%","NEURL1B/MAML1/HES1/HES5/APH1A/UBC/EGF/WWC1/EGFR/MIB2/NCSTN/KAT2B/RPS27A",0.352487857583619
"R-HSA-388396","R-HSA-388396","GPCR downstream signalling",350,-0.336505034793169,-1.28977193556402,0.0301455301455301,0.263836332408158,0.263836332408158,2408,"tags=32%, list=22%, signal=25%","TAS2R13/GPER1/PTAFR/PDE7A/HCRTR1/ITPR2/CALCRL/GRK6/GPR84/TACR1/ARHGEF17/GPR18/PIK3R1/APLNR/RASGRP2/PDE1A/FGD2/PDE1B/GNG11/UTS2/RGS17/ADCY6/TRIO/CX3CR1/RGS16/CCR6/AGT/PRKCE/CXCL10/ADCY3/GHRL/CXCL6/CXCL12/PDE2A/C3AR1/HTR7/ADRA2C/CASR/SCTR/PDE4B/PRKAR2B/PTH1R/CXCL11/CAMK4/XCR1/AVPR1A/RAMP3/DGKI/TSHR/TAS2R14/GNAT3/GABBR2/TAC3/ADCY5/ARHGEF10/GPR83/CCR1/AKT3/ADCY4/TAS2R4/ADRA1B/OXTR/GNG3/XCL2/FGD3/HTR2B/NBEA/GNB4/TAS2R19/CCR9/ARHGEF35/P2RY14/GNRH1/GPR183/ADRA2B/P2RY13/TAS2R5/TAS2R30/RLN2/PTHLH/ITPR1/VIPR2/RXFP1/ADCYAP1R1/P2RY12/RGS13/VIP/GNB3/CHRM2/PTGFR/PDE10A/CXCL9/NPFFR1/GAL/ADRA1A/S1PR3/PNOC/RGS1/GPR31/CCL19/HTR6/PTGER3/CCL20/CAMK2A/CCR4/CXCR4/CCL21/CXCR5/CNR2/CNR1/CXCL13",0.266350657088526
"R-HSA-381042","R-HSA-381042","PERK regulates gene expression",12,0.6513996062471,1.67876753393043,0.0313038203335418,0.264253728124343,0.264253728124343,1718,"tags=50%, list=16%, signal=42%","EIF2AK3/CXCL8/ATF3/DDIT3/HSPA5/NFYA",0.321775918075361
"R-HSA-1482788","R-HSA-1482788","Acyl chain remodelling of PC",14,-0.638995679490132,-1.54888312082291,0.030939079533278,0.264253728124343,0.264253728124343,312,"tags=21%, list=3%, signal=21%","PLB1/PLA2G5/PLA2G2D",0.352487857583619
"R-HSA-5387390","R-HSA-5387390","Hh mutants abrogate ligand secretion",31,0.448857064737018,1.48788986345841,0.0313300115207407,0.264253728124343,0.264253728124343,2261,"tags=48%, list=21%, signal=38%","IHH/SEL1L/SHH/SYVN1/OS9/UBC/PSMA5/PSMC6/PSMD1/PSMD6/PSMA1/PSMB7/PSMA6/PSMC2/RPS27A",0.321775918075361
"R-HSA-1474290","R-HSA-1474290","Collagen formation",72,-0.441278744351568,-1.45163591774898,0.0312891113892365,0.264253728124343,0.264253728124343,1734,"tags=36%, list=16%, signal=30%","PCOLCE/P3H1/MMP7/P3H2/TLL1/COL27A1/COL16A1/COL9A1/COL5A2/COL26A1/ADAMTS2/COL4A3/COL8A2/COL3A1/COL11A1/COL14A1/COL4A4/COL21A1/COL22A1/COL6A5/COLGALT2/COL2A1/COL24A1/ADAMTS3/PCOLCE2/COL19A1",0.287857117255149
"R-HSA-9717189","R-HSA-9717189","Sensory perception of taste",19,-0.607777398915763,-1.57452034571807,0.0323758023044631,0.271458650091268,0.271458650091268,1623,"tags=53%, list=15%, signal=45%","SCNN1D/SCN2A/TAS2R14/GNAT3/SCN4B/TAS2R4/TAS2R5/TAS2R30/TRPM5/GNB3",0.321775918075361
"R-HSA-9861718","R-HSA-9861718","Regulation of pyruvate metabolism",22,0.508842645879541,1.56039667962725,0.0325797812284701,0.271562058827895,0.271562058827895,3615,"tags=64%, list=34%, signal=42%","LDHA/UBC/MAEA/GSTZ1/PDK1/PDHX/PGAM5/SIRT4/RPS27A/MKLN1/ME1/RMND5A/DLAT/PDHB",0.321775918075361
"R-HSA-9830674","R-HSA-9830674","Formation of the ureteric bud",15,-0.632748694830332,-1.54663808936022,0.0335585587771774,0.278084665422575,0.278084665422575,1530,"tags=40%, list=14%, signal=34%","FOXC1/RET/WNT11/SLIT2/GFRA1/ROBO2",0.321775918075361
"R-HSA-180292","R-HSA-180292","GAB1 signalosome",13,0.604457217175966,1.6639369830322,0.0347790121336004,0.2862524436586,0.2862524436586,1672,"tags=46%, list=16%, signal=39%","EREG/HBEGF/AREG/PXN/EGF/EGFR",0.321775918075361
"R-HSA-8852135","R-HSA-8852135","Protein ubiquitination",55,0.367852849390171,1.39976560973959,0.034948251766364,0.2862524436586,0.2862524436586,1746,"tags=22%, list=16%, signal=18%","HLA-A/H2BC4/USP5/BCL10/H2BC5/UBC/H2BC9/UBE2E3/H2BC12/TMEM129/RNF144A/PEX13",0.321775918075361
"R-HSA-1482801","R-HSA-1482801","Acyl chain remodelling of PS",14,-0.632585437357922,-1.53334511930326,0.0368792662924327,0.30033287549642,0.30033287549642,181,"tags=14%, list=2%, signal=14%","PLA2G5/PLA2G2D",0.321775918075361
"R-HSA-975634","R-HSA-975634","Retinoid metabolism and transport",31,0.443552990011776,1.47030769835795,0.0378942136274404,0.306421377154564,0.306421377154564,1585,"tags=42%, list=15%, signal=36%","AGRN/SDC1/LRP1/AKR1C4/RETSAT/AKR1C1/AKR1B10/RBP4/AKR1C3/LRAT/APOA1/LRP10/APOB",0.321775918075361
"R-HSA-9674555","R-HSA-9674555","Signaling by CSF3 (G-CSF)",18,0.510286194415804,1.46963367243551,0.0382467986559477,0.306421377154564,0.306421377154564,3214,"tags=56%, list=30%, signal=39%","UBC/RNF7/KRAS/ELOC/SHC1/RPS27A/UBE2D2/PTPN11/JAK2/CUL5",0.321775918075361
"R-HSA-9918432","R-HSA-9918432","Maturation of DENV proteins",38,0.414537893220272,1.45960012673046,0.0382756413241763,0.306421377154564,0.306421377154564,2642,"tags=53%, list=25%, signal=40%","HYOU1/OSTC/P4HA2/UBC/DNAJC3/STT3A/RPN1/DNAJB11/KPNA7/ACOT2/APOA1/OST4/HSPA5/SPCS1/SUMO1/DAD1/RPS27A/SPCS2/STT3B/SCAP",0.321775918075361
"R-HSA-1236394","R-HSA-1236394","Signaling by ERBB4",34,0.421523103616617,1.46505903073829,0.0405247559632242,0.322604377527465,0.322604377527465,2261,"tags=50%, list=21%, signal=40%","EREG/HBEGF/APH1A/GABRB2/NRG1/UBC/GABRB1/TAB2/ADAP1/EGF/NRAS/ERBB3/EGFR/KRAS/NCSTN/SHC1/RPS27A",0.321775918075361
"R-HSA-5083635","R-HSA-5083635","Defective B3GALTL causes PpS",23,-0.553199432866441,-1.48805111508896,0.0414814814814815,0.322962962962963,0.322962962962963,1600,"tags=43%, list=15%, signal=37%","ADAMTS19/THBS2/THSD1/ADAMTS2/ADAMTSL4/SEMA5B/ADAMTSL1/ADAMTS6/ADAMTSL2/ADAMTS3",0.271288554688953
"R-HSA-5173214","R-HSA-5173214","O-glycosylation of TSR domain-containing proteins",23,-0.553199432866441,-1.48805111508896,0.0414814814814815,0.322962962962963,0.322962962962963,1600,"tags=43%, list=15%, signal=37%","ADAMTS19/THBS2/THSD1/ADAMTS2/ADAMTSL4/SEMA5B/ADAMTSL1/ADAMTS6/ADAMTSL2/ADAMTS3",0.271288554688953
"R-HSA-6806667","R-HSA-6806667","Metabolism of fat-soluble vitamins",34,0.420677479712304,1.46211995355132,0.0411434426013344,0.322962962962963,0.322962962962963,1585,"tags=38%, list=15%, signal=33%","AGRN/SDC1/LRP1/AKR1C4/RETSAT/AKR1C1/AKR1B10/RBP4/AKR1C3/LRAT/APOA1/LRP10/APOB",0.321775918075361
"R-HSA-163125","R-HSA-163125","Post-translational modification: synthesis of GPI-anchored proteins",50,-0.46443950516933,-1.45807613831297,0.0411840411840412,0.322962962962963,0.322962962962963,1993,"tags=40%, list=19%, signal=33%","NEGR1/PIGM/RECK/LY6E/CNTN4/VNN2/CD109/CD52/RTN4RL2/THY1/RAET1G/GPIHBP1/NTNG2/GPLD1/MDGA1/LY6H/LY6K/NTNG1/ART4/LSAMP",0.252961123069611
"R-HSA-9753281","R-HSA-9753281","Paracetamol ADME",17,0.520736229462896,1.53152414596807,0.0422024277387943,0.32500456579278,0.32500456579278,377,"tags=29%, list=4%, signal=28%","UGT2B15/GSTM1/NAT1/NAT2/UGT1A10",0.321775918075361
"R-HSA-1474244","R-HSA-1474244","Extracellular matrix organization",207,-0.348450027119941,-1.29855996593487,0.0420819490586932,0.32500456579278,0.32500456579278,1752,"tags=27%, list=16%, signal=23%","ADAM19/PCOLCE/ITGA10/MATN3/P3H1/MMP7/SERPINE1/P3H2/DDR2/TGFB3/TLL1/LTBP2/COL27A1/COL16A1/COL9A1/SGCD/COL5A2/LTBP1/SGCE/KLKB1/COL26A1/ADAMTS2/SPOCK3/COL4A3/COL8A2/MATN1/ELN/COL3A1/COL11A1/COL14A1/NCAM1/MFAP2/MFAP5/COL4A4/FGF2/COL21A1/COL22A1/NRXN1/ADAM12/COL6A5/CMA1/COLGALT2/PRSS2/MMP17/COL2A1/VCAM1/TNR/MUSK/COL24A1/CAPN14/ADAMTS3/CTSG/MMP16/BCAN/PCOLCE2/COL19A1",0.231126709673834
"R-HSA-111465","R-HSA-111465","Apoptotic cleavage of cellular proteins",28,0.425489651473181,1.41197225521239,0.0430306604977866,0.32959159959656,0.32959159959656,2655,"tags=46%, list=25%, signal=35%","OCLN/CASP7/PLEC/PRKCD/STK24/APC/BIRC2/LMNB1/CASP3/PRKCQ/PTK2/GSN/DSP",0.321775918075361
"R-HSA-8978934","R-HSA-8978934","Metabolism of cofactors",20,0.493701985966288,1.47458618473099,0.044111150041811,0.336051073167991,0.336051073167991,2565,"tags=60%, list=24%, signal=46%","COQ3/IDH1/COQ2/SPR/PTS/GCH1/COQ4/CALM1/HPDL/PDSS2/COQ6/CALM2",0.321775918075361
"R-HSA-3781860","R-HSA-3781860","Diseases associated with N-glycosylation of proteins",15,0.569942500196381,1.59023564426691,0.0447897831193774,0.339396377968758,0.339396377968758,3130,"tags=67%, list=29%, signal=47%","NEU1/B4GALT1/ALG14/ALG8/ALG9/ALG3/ALG2/MOGS/RFT1/MGAT2",0.321775918075361
"R-HSA-9958810","R-HSA-9958810","SRC activates STAT3 in a quantitative manner, through Cadherin-11 (CDH11), RAC1 and gp130 (IL6ST)",16,0.545098937969462,1.56742775830743,0.0485437825322918,0.351438492063492,0.351438492063492,2261,"tags=50%, list=21%, signal=40%","CTSB/CTNND1/UBC/RAC1/CTNNA1/FARP2/CDC42/RPS27A",0.321775918075361
"R-HSA-399956","R-HSA-399956","CRMPs in Sema3A signaling",12,-0.654132698830322,-1.52963185533482,0.0481540930979133,0.351438492063492,0.351438492063492,878,"tags=33%, list=8%, signal=31%","DPYSL3/DPYSL4/SEMA3A/CRMP1",0.261663521711573
"R-HSA-5576892","R-HSA-5576892","Phase 0 - rapid depolarisation",20,-0.592125954875167,-1.52469747511551,0.0491071428571429,0.351438492063492,0.351438492063492,1582,"tags=40%, list=15%, signal=34%","SCN3B/SCN2A/SCN4B/FGF14/SCN7A/CACNA1C/SCN11A/CAMK2A",0.248911114434702
"R-HSA-9664565","R-HSA-9664565","Signaling by ERBB2 KD Mutants",17,0.50976419292027,1.4992545669668,0.0490176450830218,0.351438492063492,0.351438492063492,2211,"tags=59%, list=21%, signal=47%","EREG/HBEGF/NRG1/EGF/NRAS/ERBB3/EGFR/KRAS/ERBIN/SHC1",0.321775918075361
"R-HSA-6811438","R-HSA-6811438","Intra-Golgi traffic",25,0.449044934528614,1.47407728009477,0.0471750691365362,0.351438492063492,0.351438492063492,1510,"tags=36%, list=14%, signal=31%","YKT6/GOLIM4/COG6/BET1L/MAN2A1/COG3/CYTH3/COG5/ARF1",0.321775918075361
"R-HSA-379716","R-HSA-379716","Cytosolic tRNA aminoacylation",20,0.486067712091584,1.45178418047319,0.0476808002171212,0.351438492063492,0.351438492063492,349,"tags=10%, list=3%, signal=10%","CARS1/PPA1",0.321775918075361
"R-HSA-375165","R-HSA-375165","NCAM signaling for neurite out-growth",38,-0.477178122687902,-1.43039583577662,0.0489130434782609,0.351438492063492,0.351438492063492,1397,"tags=34%, list=13%, signal=30%","FGFR1/COL9A1/COL5A2/COL4A3/CACNA1C/CACNA1D/COL3A1/NCAM1/COL4A4/COL6A5/COL2A1/GFRA1/CNTN2",0.237793834423688
"R-HSA-5358346","R-HSA-5358346","Hedgehog ligand biogenesis",33,0.416980859672585,1.42557738748927,0.0484545837946656,0.351438492063492,0.351438492063492,2261,"tags=45%, list=21%, signal=36%","IHH/SEL1L/SHH/SYVN1/OS9/UBC/PSMA5/PSMC6/PSMD1/PSMD6/PSMA1/PSMB7/PSMA6/PSMC2/RPS27A",0.321775918075361
"R-HSA-9929491","R-HSA-9929491","SPOP-mediated proteasomal degradation of PD-L1(CD274)",28,0.422964202228652,1.40359164183466,0.0474158941817513,0.351438492063492,0.351438492063492,2261,"tags=39%, list=21%, signal=31%","CSNK2B/UBC/PSMA5/PSMC6/PSMD1/PSMD6/PSMA1/PSMB7/PSMA6/PSMC2/RPS27A",0.321775918075361
"R-HSA-375276","R-HSA-375276","Peptide ligand-binding receptors",96,-0.407802790118855,-1.3878472500471,0.0468557336621455,0.351438492063492,0.351438492063492,1908,"tags=32%, list=18%, signal=27%","CX3CR1/CCR6/AGT/CXCL10/GHRL/CXCL6/CXCL12/C3AR1/CXCL11/XCR1/AVPR1A/ACKR1/TAC3/CCR1/OXTR/XCL2/CCR9/RLN2/RXFP1/CXCL9/NPFFR1/GAL/PNOC/CCL19/CCL20/CCR4/CXCR4/KEL/CCL21/CXCR5/CXCL13",0.231126709673834
"R-HSA-391251","R-HSA-391251","Protein folding",55,0.353616351283682,1.34559242476733,0.0472839302784875,0.351438492063492,0.351438492063492,2149,"tags=36%, list=20%, signal=29%","CSNK2B/GNB2/FBXW5/GBA1/ACTB/GNG5/GNG12/TUBB2A/GNG10/GNAQ/FBXO6/FKBP9/TBCC/GNB1/RGS6/FBXL3/TCP1/FBXW4/TUBB4B/CCT4",0.321775918075361
"R-HSA-70263","R-HSA-70263","Gluconeogenesis",12,0.616751993370777,1.58947474488491,0.0494438691156856,0.352070163502143,0.352070163502143,2667,"tags=58%, list=25%, signal=44%","PCK2/PGAM1/TPI1/PC/GAPDH/SLC37A2/ENO1",0.321775918075361
"R-HSA-162588","R-HSA-162588","Budding and maturation of HIV virion",20,0.483930324415842,1.44540024354838,0.0497206015027716,0.352270461647137,0.352270461647137,3450,"tags=65%, list=32%, signal=44%","CHMP2B/PDCD6IP/UBC/PPIA/VPS37A/CHMP5/RPS27A/VTA1/TSG101/VPS37D/VPS37C/CHMP4C/VPS28",0.321775918075361
