"Gene","logFC","AveExpr","t","P.Value","adj.P.Val","B","DEG_Status","Regulation"
"DNAJB13",2.3579318389337,-0.124769328026107,4.30861756867809,3.13024707857682e-05,0.168454246533612,1.48842496969985,"Not_Significant","Upregulated_in_UC"
"HSPA1B",2.17381955098004,-1.57673061655797,3.91633119781166,0.000141747849066943,0.262430270333895,0.0734379484855472,"Not_Significant","Upregulated_in_UC"
"IGSF10",-1.08596240086168,1.72430498341799,-3.87368979379461,0.000166033869086902,0.262430270333895,0.259139926584211,"Not_Significant","Downregulated_in_UC"
"ADGRF1",1.55224038212109,0.731712396529577,3.74925434809169,0.000261574393205917,0.262430270333895,-0.129899187028977,"Not_Significant","Upregulated_in_UC"
"SYT12",1.62935069396465,0.0841051429537362,3.73922970734525,0.000271206530872153,0.262430270333895,-0.207213562449473,"Not_Significant","Upregulated_in_UC"
"ZNG1F",-1.1583947571803,3.63226338031887,-3.72260588326132,0.000287924152518261,0.262430270333895,-0.0805718564293318,"Not_Significant","Downregulated_in_UC"
"TMEM151B",-1.50900994179892,-1.96914896988575,-3.71117998821142,0.000299975537439091,0.262430270333895,-0.945755559973324,"Not_Significant","Downregulated_in_UC"
"NEURL1B",1.36401997301386,6.67855287435237,3.65328840717076,0.000368736351997994,0.264580623770294,-0.0228219024448224,"Not_Significant","Upregulated_in_UC"
"COL19A1",-1.46600414877673,1.13799393993168,-3.45937569050549,0.000723760216146506,0.341751345398732,-0.921458890426272,"Not_Significant","Downregulated_in_UC"
"SERPINA5",-1.80287669255803,0.737770981138623,-3.44209308915298,0.000767612538396247,0.341751345398732,-0.971772434339775,"Not_Significant","Downregulated_in_UC"
"PRELP",-1.10449141129815,2.96457376375606,-3.42607934399658,0.000810460405341553,0.341751345398732,-0.733147293399971,"Not_Significant","Downregulated_in_UC"
"CXCR4",-1.25757057562316,5.78784205968568,-3.42076321630622,0.000825173921597426,0.341751345398732,-0.678658197635174,"Not_Significant","Downregulated_in_UC"
"STAB2",-1.24692774149983,0.190258422598408,-3.41759159313791,0.000834071006402912,0.341751345398732,-1.09233687908551,"Not_Significant","Downregulated_in_UC"
"SLC1A2",-1.79313351356559,0.80415039496012,-3.38556754564762,0.000929086877130489,0.344819381329498,-1.16585112814309,"Not_Significant","Downregulated_in_UC"
"LONRF2",-1.12256901534689,0.46135226608297,-3.31655539962629,0.00116934971616931,0.371737163965146,-1.2908712637954,"Not_Significant","Downregulated_in_UC"
"PABPC4L",-1.02448609865812,-0.248126962159858,-3.28035212609769,0.00131750119742261,0.371737163965146,-1.65039448577289,"Not_Significant","Downregulated_in_UC"
"HBB",1.0850921082356,5.6457295705585,3.25975192277913,0.00140943928257396,0.371737163965146,-1.12601913812082,"Not_Significant","Upregulated_in_UC"
"NPPC",-1.69572410663211,-1.31559185466524,-3.23500470034297,0.00152778673854984,0.379274371825633,-1.73978399858835,"Not_Significant","Downregulated_in_UC"
"DCANP1",-1.81192207552133,-0.740369231805072,-3.20717999297571,0.00167187193857939,0.379274371825633,-1.64117718426216,"Not_Significant","Downregulated_in_UC"
"CTNNA3",-1.04932313510358,-0.542405488863663,-3.20357126023616,0.00169145868694884,0.379274371825633,-1.87658961048792,"Not_Significant","Downregulated_in_UC"
"PLA2G2D",-1.91291833644616,3.45827913675363,-3.14139672234667,0.00206425541543378,0.396742518505603,-1.48719850630668,"Not_Significant","Downregulated_in_UC"
"C4B",3.73863178460386,-0.771362040816504,3.12908645109263,0.00214656796049524,0.398336395841556,-1.70352730611663,"Not_Significant","Upregulated_in_UC"
"CNR2",-1.55434072438233,2.28333614157756,-3.10490637041819,0.00231717415975373,0.402253959377894,-1.62365890489055,"Not_Significant","Downregulated_in_UC"
"ZBED2",-1.72056824601417,-0.645583749320555,-3.03673672529124,0.00286806469291033,0.4056147486918,-2.0966288210615,"Not_Significant","Downregulated_in_UC"
"LGI2",-1.25809881804022,1.35254949827329,-3.01648757569326,0.0030536270474412,0.4056147486918,-1.8818127564154,"Not_Significant","Downregulated_in_UC"
"CNR1",-1.62408733585169,1.59735953498531,-3.01066347972233,0.00310901336499326,0.4056147486918,-1.89147543760994,"Not_Significant","Downregulated_in_UC"
"TREML2",-1.47850539959929,0.416423293597687,-2.99279397364117,0.00328478086308917,0.4056147486918,-1.96628895548935,"Not_Significant","Downregulated_in_UC"
"LSAMP",-1.12879706713408,2.85254793108462,-2.99263186310217,0.00328641648976864,0.4056147486918,-1.85583866538399,"Not_Significant","Downregulated_in_UC"
"CCL21",-1.28782064960411,6.12849766980732,-2.98474412870558,0.00336691245286982,0.4056147486918,-1.84562054696465,"Not_Significant","Downregulated_in_UC"
"EXTL1",-1.08245974360242,-1.20989211980741,-2.97514387825589,0.00346733283862956,0.4056147486918,-2.24006826353644,"Not_Significant","Downregulated_in_UC"
"MAPK15",-1.20371440494751,-1.74338376299195,-2.97473942523863,0.00347162338283234,0.4056147486918,-2.23050964861043,"Not_Significant","Downregulated_in_UC"
"PCDHAC2",-1.37389990094447,-1.18703077941846,-2.95536048811328,0.00368301655153914,0.4056147486918,-2.20018282264248,"Not_Significant","Downregulated_in_UC"
"ITIH3",-1.56032830534284,0.530454511834548,-2.93509356215568,0.00391670235456053,0.4056147486918,-2.10093667710037,"Not_Significant","Downregulated_in_UC"
"IL22RA2",-1.44029299267342,1.14027143274478,-2.88029211065519,0.00461841113502853,0.430587447874199,-2.21075065098218,"Not_Significant","Downregulated_in_UC"
"VGF",1.04093465586233,-1.43777375650546,2.81610941876793,0.0055855697014911,0.451478415557514,-2.48792926884266,"Not_Significant","Upregulated_in_UC"
"HTR3A",-1.51401019615844,0.0801390983039616,-2.78989451104816,0.00603121981583732,0.459377560936143,-2.45694597002765,"Not_Significant","Downregulated_in_UC"
"FCRL1",-1.53160064825766,2.18885238092977,-2.78632889236261,0.00609427550979886,0.459377560936143,-2.38317911732643,"Not_Significant","Downregulated_in_UC"
"GAP43",-1.10006797777973,-0.96926198812899,-2.7838892876729,0.00613776363392189,0.459377560936143,-2.60130897190411,"Not_Significant","Downregulated_in_UC"
"LY6G5B",2.67532573842034,-0.258896856613648,2.76538397395699,0.00647694790124366,0.468349573120697,-2.43690155044087,"Not_Significant","Upregulated_in_UC"
"MS4A1",-1.70966394992311,5.59404635621962,-2.76417148701237,0.0064997558356966,0.468349573120697,-2.38206878919427,"Not_Significant","Downregulated_in_UC"
"SNAP91",-1.3823456842065,-0.480655882126748,-2.75587456223734,0.00665779835766769,0.468349573120697,-2.56245408110074,"Not_Significant","Downregulated_in_UC"
"TDO2",-1.03638306830618,2.00064140413499,-2.74642455341043,0.0068420545723174,0.468349573120697,-2.44178551278133,"Not_Significant","Downregulated_in_UC"
"FDCSP",-2.37663602572993,4.1928356509904,-2.74148922828239,0.00694011394971589,0.468349573120697,-2.42230761102545,"Not_Significant","Downregulated_in_UC"
"ST6GAL2",-1.21227925876462,-1.64503476710927,-2.72679061209626,0.00723976680492503,0.468349573120697,-2.82726844755147,"Not_Significant","Downregulated_in_UC"
"GTF2H2",2.31450465679142,0.998677593599534,2.72667610155056,0.00724214666384986,0.468349573120697,-2.48916413073182,"Not_Significant","Upregulated_in_UC"
"FAM216B",-1.4855121120252,0.271523301077529,-2.72548380630771,0.00726696819763602,0.468349573120697,-2.58670437839236,"Not_Significant","Downregulated_in_UC"
"NOS1",-1.20747946677082,-2.12715138027465,-2.71973844342189,0.00738766223889453,0.469917820358451,-2.82878096784118,"Not_Significant","Downregulated_in_UC"
"STAR",-1.55227190017872,-1.35319504038821,-2.68923200840222,0.00805950238738053,0.469917820358451,-2.8170934536397,"Not_Significant","Downregulated_in_UC"
"RAB6C",-1.05481191446006,-2.20817207820473,-2.65695529099979,0.00883010968867886,0.483042678296796,-2.90908171049566,"Not_Significant","Downregulated_in_UC"
"TCL1A",-2.06976609442712,2.65135790764674,-2.65587010549654,0.00885713814561936,0.483042678296796,-2.62020548016703,"Not_Significant","Downregulated_in_UC"
"CTAGE8",-1.79619111525444,1.06066317484705,-2.64251387324591,0.00919597174263977,0.483062167013622,-2.68296419004882,"Not_Significant","Downregulated_in_UC"
"TNFSF11",-1.30823053008628,1.08240075608301,-2.64085905597987,0.00923875715455349,0.483062167013622,-2.68052658428699,"Not_Significant","Downregulated_in_UC"
"SLC27A6",-1.16328288614298,-0.568964755934686,-2.61964589694056,0.00980335539834722,0.495368611044184,-2.84688948756905,"Not_Significant","Downregulated_in_UC"
"SLC30A2",1.04728801916512,0.551834508464157,2.61768715708551,0.00985702486163517,0.495753077503642,-2.71948899234093,"Not_Significant","Upregulated_in_UC"
"ITIH1",-1.19202099378396,-2.20670328892942,-2.61402180309097,0.00995816711605182,0.496202558657712,-2.97523630769242,"Not_Significant","Downregulated_in_UC"
"KCNQ5",-1.03872122161747,0.177111648976627,-2.59238818836712,0.0105743954867777,0.50329945225795,-2.81952194889269,"Not_Significant","Downregulated_in_UC"
"CXCL13",-2.18979129658416,3.78602053223491,-2.58922119024994,0.0106674287304619,0.50329945225795,-2.75265813783886,"Not_Significant","Downregulated_in_UC"
"TIMD4",-1.79088801741397,0.114696447860128,-2.58218109126475,0.0108768786511845,0.50329945225795,-2.87189829886281,"Not_Significant","Downregulated_in_UC"
"FOXD4L3",-1.03923842395792,-1.8984269724087,-2.5651494885654,0.011398948659055,0.50329945225795,-3.0173588268842,"Not_Significant","Downregulated_in_UC"
"FCRL4",-1.29974787451519,1.80673350069981,-2.55448274133627,0.0117372630787648,0.50329945225795,-2.83257427098778,"Not_Significant","Downregulated_in_UC"
"MUC20",-1.36915138948761,0.894334680515411,-2.54296821957066,0.0121125482862684,0.508907963685321,-2.90849291308935,"Not_Significant","Downregulated_in_UC"
"MED12L",-1.07656738583685,-0.157949604967259,-2.54178377220205,0.0121517557063205,0.508907963685321,-2.98100756486714,"Not_Significant","Downregulated_in_UC"
"MORN3",-1.10397925513671,-1.59230522699619,-2.51647732390271,0.013017066036149,0.513558154508168,-3.04459348895459,"Not_Significant","Downregulated_in_UC"
"PCOLCE2",-1.23851784927925,-0.939604560055825,-2.51457821470596,0.0130841735916467,0.513558154508168,-3.0381478381885,"Not_Significant","Downregulated_in_UC"
"ANKS1B",-1.00426692663914,0.284241051136333,-2.51399047392397,0.013105004788219,0.513558154508168,-3.04373460346748,"Not_Significant","Downregulated_in_UC"
"IGF2BP3",-1.43297664129587,0.163768057203626,-2.4982185591017,0.0136751949830652,0.52379403417342,-3.03950560263016,"Not_Significant","Downregulated_in_UC"
"PCSK9",1.00295028198373,2.21869879691984,2.48574476585071,0.0141417331770962,0.524774540482087,-2.9740478387775,"Not_Significant","Upregulated_in_UC"
"ANKHD1-EIF4EBP3",-1.55770156587198,3.22514914230102,-2.4838349593052,0.0142144027406029,0.524774540482087,-3.07090518911305,"Not_Significant","Downregulated_in_UC"
"PRRX1",-1.18908038684882,1.93721727544365,-2.47347832128455,0.0146143117429916,0.524774540482087,-2.99028068069447,"Not_Significant","Downregulated_in_UC"
"FCRLA",-1.6486199617233,3.26550620437024,-2.47275978844105,0.014642425497325,0.524774540482087,-2.9909969292941,"Not_Significant","Downregulated_in_UC"
"MS4A12",1.26012554599558,-1.45660360204046,2.45795826616928,0.0152323823212262,0.524774540482087,-3.13915828614944,"Not_Significant","Upregulated_in_UC"
"FCAMR",-1.17876370051926,1.90569528327588,-2.45265520304622,0.0154488447357778,0.524774540482087,-3.04551599149132,"Not_Significant","Downregulated_in_UC"
"PAX5",-1.61011045887424,4.05294430133749,-2.44741765354119,0.0156653154110187,0.524774540482087,-3.05418988266212,"Not_Significant","Downregulated_in_UC"
"AICDA",-1.33113092554308,1.18196934938622,-2.44570552006019,0.015736661648837,0.524774540482087,-3.05265019744391,"Not_Significant","Downregulated_in_UC"
"GANAB",1.07551241042936,7.37043211765969,2.44208469887249,0.0158884972520906,0.524774540482087,-3.08565682235373,"Not_Significant","Upregulated_in_UC"
"MARVELD2",2.28371723078029,-0.951926232186407,2.42179330606255,0.0167637411770982,0.528848908984642,-3.16345630369728,"Not_Significant","Upregulated_in_UC"
"UBD",-3.53700213317069,0.0747320118087297,-2.42108712553128,0.0167949574789771,0.528848908984642,-3.19107685314727,"Not_Significant","Downregulated_in_UC"
"SCGB3A1",-1.09307524570678,-2.48090769400503,-2.40569672796966,0.0174882167999043,0.533217216479803,-3.33437749457129,"Not_Significant","Downregulated_in_UC"
"PDCD6-AHRR",-1.55781488447341,-2.37572388409758,-2.40164743129956,0.017674781595218,0.534685928998803,-3.31620858623111,"Not_Significant","Downregulated_in_UC"
"DPPA4",-1.13280968654226,-2.16608869363049,-2.39906034200705,0.0177948989017524,0.534685928998803,-3.30173845170881,"Not_Significant","Downregulated_in_UC"
"HLA-DOB",-2.44209952163911,0.195410925601188,-2.39572168283753,0.0179509797838014,0.534685928998803,-3.20494781737027,"Not_Significant","Downregulated_in_UC"
"LCNL1",-1.24407953850178,-2.05348869478577,-2.38710098999675,0.0183596143160061,0.536769777867341,-3.25305977811046,"Not_Significant","Downregulated_in_UC"
"VPS52",-2.97365301700671,0.974040766898253,-2.37852275768449,0.018774386601401,0.536769777867341,-3.19181269796796,"Not_Significant","Downregulated_in_UC"
"ZBTB9",1.1343879288311,-0.888152532434392,2.37186614025435,0.0191019340021692,0.538965964846327,-3.21187883847238,"Not_Significant","Upregulated_in_UC"
"HLA-B",-3.61815794299968,5.43777931521653,-2.37031390776622,0.0191790360063312,0.538965964846327,-3.19531428410783,"Not_Significant","Downregulated_in_UC"
"REG1B",-1.35523375034201,8.7184719761008,-2.35977751521123,0.0197097041782528,0.544517630732008,-3.25931450950193,"Not_Significant","Downregulated_in_UC"
"KCNS2",-1.122466100404,-1.63016782140186,-2.35488625035348,0.0199604303065499,0.545264242105066,-3.37624915507203,"Not_Significant","Downregulated_in_UC"
"BACH2",-1.15789228200432,1.77171372714817,-2.32729472728954,0.0214281771234229,0.551629448084123,-3.27228951202118,"Not_Significant","Downregulated_in_UC"
"CR2",-1.51481415632578,5.08911906871444,-2.31710014675026,0.0219940576258337,0.551629448084123,-3.29709662708917,"Not_Significant","Downregulated_in_UC"
"SERPINA9",-2.13859973039162,0.0574418211218082,-2.31477592150015,0.0221248959193317,0.551629448084123,-3.31166399960844,"Not_Significant","Downregulated_in_UC"
"STAP1",-1.14607363117423,2.28233237772793,-2.29863332518893,0.0230526487821737,0.551629448084123,-3.31865815309043,"Not_Significant","Downregulated_in_UC"
"CLDN16",-1.33473468553713,-1.54169593174243,-2.29456497407804,0.0232917891708618,0.551629448084123,-3.4420139134678,"Not_Significant","Downregulated_in_UC"
"GLRA3",-1.17372177520291,-1.85209299851147,-2.28207100379962,0.0240398573138658,0.551629448084123,-3.48082810356956,"Not_Significant","Downregulated_in_UC"
"HEMGN",-1.05807901047895,-1.4638453652063,-2.25029076607109,0.0260383472097975,0.551629448084123,-3.4997512907604,"Not_Significant","Downregulated_in_UC"
"CCR4",-1.01969226482566,0.750477521020721,-2.24145794347914,0.0266189728598222,0.551629448084123,-3.42335707423058,"Not_Significant","Downregulated_in_UC"
"TAC1",1.21190281246892,1.39735380481558,2.24119762817017,0.0266362548677893,0.551629448084123,-3.41975001749878,"Not_Significant","Upregulated_in_UC"
"TMEM108",-1.04058879668028,-0.602813519020668,-2.23753402716824,0.0268805180625119,0.551629448084123,-3.46818687900279,"Not_Significant","Downregulated_in_UC"
"ZBTB22",2.0940589306037,1.14023901012998,2.22855031297269,0.0274877817096427,0.551629448084123,-3.44675387026989,"Not_Significant","Upregulated_in_UC"
"FMO2",-1.06331226358303,-0.506910850852486,-2.22077313878781,0.0280231161663843,0.551629448084123,-3.52499299986229,"Not_Significant","Downregulated_in_UC"
"CXCR5",-1.54558970637363,3.18525601025603,-2.22070333309249,0.0280279620328116,0.551629448084123,-3.46738972279234,"Not_Significant","Downregulated_in_UC"
"MYG1",1.40419513935335,-2.6644878081312,2.21601861102102,0.0283548459115701,0.551629448084123,-3.54477817258684,"Not_Significant","Upregulated_in_UC"
"SPIC",-1.10485855961782,-1.61402044322512,-2.21360622117025,0.0285244659263262,0.551629448084123,-3.56061630042523,"Not_Significant","Downregulated_in_UC"
"NBPF8",-1.16209539500697,2.04699857572766,-2.21284350314411,0.0285782777141908,0.551629448084123,-3.46855953405047,"Not_Significant","Downregulated_in_UC"
"DDR1",1.81634909325094,5.57962790489493,2.18965923378415,0.0302567120239082,0.551946466678485,-3.5861560561744,"Not_Significant","Upregulated_in_UC"
"KCNK12",-1.30219838730853,-0.562671142034137,-2.18455592529795,0.0306374629664977,0.551946466678485,-3.54667435597135,"Not_Significant","Downregulated_in_UC"
"OMD",-1.02924721651648,-1.28249007282561,-2.17384245353584,0.0314503355062965,0.551946466678485,-3.62786040673055,"Not_Significant","Downregulated_in_UC"
"DRGX",-1.33293802991514,-1.32246428898418,-2.16923731224955,0.0318054538121732,0.551946466678485,-3.56566315869131,"Not_Significant","Downregulated_in_UC"
"SELL",-1.15560733350725,4.51773475611966,-2.16492531358052,0.0321411127891411,0.551946466678485,-3.60929092563662,"Not_Significant","Downregulated_in_UC"
"CD72",-1.07607165520898,2.48972107755703,-2.16225803296625,0.0323502749383698,0.551946466678485,-3.55316271333361,"Not_Significant","Downregulated_in_UC"
"IER3",1.1015104266365,-0.756061488859694,2.14503257619093,0.0337296582650373,0.551946466678485,-3.58953485537949,"Not_Significant","Upregulated_in_UC"
"CA1",1.02006491921512,0.266066285403671,2.1205371775901,0.0357786332822202,0.557332381712601,-3.62078521955469,"Not_Significant","Upregulated_in_UC"
"RTP5",-1.21814643698816,-2.1387095519844,-2.11378248552451,0.0363621885202909,0.557332381712601,-3.68059544967675,"Not_Significant","Downregulated_in_UC"
"HPCAL4",-1.04491550477798,-0.969081428707085,-2.11123146812214,0.0365847013933225,0.557332381712601,-3.65659420517775,"Not_Significant","Downregulated_in_UC"
"PSMB9",-2.01616115323008,3.80100171641775,-2.10090626117183,0.0374973405269291,0.557689966090765,-3.65280267406611,"Not_Significant","Downregulated_in_UC"
"PTGDS",-1.08075558312854,3.9682338391688,-2.03622034506978,0.0436722127905835,0.576741136521534,-3.77375615076925,"Not_Significant","Downregulated_in_UC"
"RERGL",-1.02779840699988,-0.955002679465687,-2.02161768013269,0.0451805228872369,0.582368823754888,-3.7899978310483,"Not_Significant","Downregulated_in_UC"
"REG3G",-1.16475634468354,4.02847546884643,-1.99568009281387,0.0479691681127249,0.590499597760951,-3.83939673376664,"Not_Significant","Downregulated_in_UC"
"CAMP",-1.16210635622577,-0.726128662449665,-1.98399689902149,0.0492722711880282,0.590499597760951,-3.83557744685019,"Not_Significant","Downregulated_in_UC"
